id,cfa-delegated-siret,is-delegated,managed-by
60efd413f527470047967b46,38320309800025,TRUE,61d30477f7e463003bfa5da9
60efd569f5274700479778f7,,FALSE,61d30559f7e463003bfa5fa2
60efd637f527470047981b6b,85027717900014,TRUE,61d305f4f7e463003bfa612e
60efd4bcf52747004796f86f,45270314300068,TRUE,61d304e0f7e463003bfa5ea6
60efd585f527470047978f67,,FALSE,61d30564f7e463003bfa5fc5
60efd5abf52747004797ac9b,79463728000023,TRUE,61d30579f7e463003bfa5ff7
60efd583f527470047978d24,,FALSE,61d30563f7e463003bfa5fc0
60efd5f6f52747004797e7c3,,FALSE,61d305b0f7e463003bfa6081
60f03e6aaa5afe002a561e8b,,FALSE,61d3060df7e463003bfa6179
60feb13ceb2c8c0029ba4b10,,FALSE,61d306a0f7e463003bfa6261
61fcfe2ee2ef7100281b264a,,FALSE,61fcfe2ee2ef7100281b264c
621657501c14080028437478,,FALSE,621657501c1408002843747a
61e541fbcc6f740028f8732f,81073642100050,TRUE,61e53eeecc6f740028f872b9
61e7c339ed1b4b002aebd275,13002087800083,TRUE,61dd2a8de9c47a002966f6b5
620f7765489f5a0028740d43,30540504500660,TRUE,620f68ab489f5a0028740a59
6220ef5adcba4c00270beaee,49098556100011,TRUE,61f128e35082a80028cd574d
6225c5ba58dd3800286cc119,,FALSE,6225c5bb58dd3800286cc11b
6231fd3ee1c46d0292948cd9,81073642100050,TRUE,61e53eeecc6f740028f872b9
62346f09e1c46d029294f9a8,81073642100050,TRUE,61e53eeecc6f740028f872b9
62346945e1c46d029294f812,81073642100050,TRUE,61e53eeecc6f740028f872b9
624575b6f4150c01ec6768f7,81742674500037,TRUE,6239a5bbea0d770029d751fe
6242dca9c9fc0a00282d6a58,,FALSE,6242dca9c9fc0a00282d6a5a
6267bd231460ea00289567d1,,FALSE,6267bd231460ea00289567d3
6267b15c1460ea0028956310,78611740800025,TRUE,626694f91460ea0028952c0f
6262cfb75b8ec100299dda57,81073642100050,TRUE,61e53eeecc6f740028f872b9
6267b37a1460ea00289563f7,78611740800025,TRUE,626694f91460ea0028952c0f
626a5b461460ea002895e71d,87822534100014,TRUE,626a59b21460ea002895e673
626fd8585b214a0028f5f82e,,FALSE,626fd8585b214a0028f5f830
6272246616522f0047cd8bab,,FALSE,6272246616522f0047cd8bad
627e575c98fdcc0028ca98da,,FALSE,627e575c98fdcc0028ca98dc
6283aad7d10967002890af15,41273026900161,TRUE,6283aa05d10967002890aeba
628774122ff4860027adc7e1,,FALSE,628774122ff4860027adc7e3
627a0dcb72d9a90029aea397,,FALSE,627a0dcb72d9a90029aea399
627b8c5872d9a90029aef569,39927651800012,TRUE,620bc279489f5a002873aa40
627fc1a898fdcc0028cabd90,,FALSE,627fc1a898fdcc0028cabd92
62825cb1aaf097002716f8ae,,FALSE,62825cb1aaf097002716f8b0
628743c12ff4860027adb783,,FALSE,628743c12ff4860027adb785
627bd38c72d9a90029af0cef,30587307700039,TRUE,627bc34e72d9a90029af0690
62824bccaaf097002716f128,13002087800083,TRUE,61dd2a8de9c47a002966f6b5
629a0e533bc0ef018cb320d0,,FALSE,629a0e533bc0ef018cb320d2
62971879d736620027275cd1,,FALSE,62971879d736620027275cd3
629a2ffa3bc0ef018cb33185,39927651800012,TRUE,620bc279489f5a002873aa40
6299b3003bc0ef018cb2efd6,53948741300038,TRUE,6284c31cd10967002890de8b
629a37e03bc0ef018cb3346a,39927651800012,TRUE,620bc279489f5a002873aa40
62ac866cc900d50027d2b8dd,13002948100012,TRUE,629f65381e18080027efcbb8
62a85dc3c900d50027d1e523,13002948100012,TRUE,629f65381e18080027efcbb8
62a859cdc900d50027d1e288,13002948100012,TRUE,629f65381e18080027efcbb8
62a9ef25c900d50027d24229,,FALSE,62a9ef25c900d50027d2422b
62ab23fec900d50027d2754b,,FALSE,62ab23fec900d50027d2754d
62b0404ae6518c0028d10a18,,FALSE,62b0404ae6518c0028d10a1a
62a87817c900d50027d1ed2e,,FALSE,62a87817c900d50027d1ed30
62a85b57c900d50027d1e39a,13002948100012,TRUE,629f65381e18080027efcbb8
62a9fedcc900d50027d24778,13002280900029,TRUE,621e9121a9d86e00282eeb18
62a9ffc7c900d50027d247d5,13002280900029,TRUE,621e9121a9d86e00282eeb18
62b19c08e6518c0028d159ef,39927651800012,TRUE,620bc279489f5a002873aa40
62b19cf1e6518c0028d15a4f,39927651800012,TRUE,620bc279489f5a002873aa40
62b3286ce6518c0028d1b2f4,34521216100029,TRUE,621c95e4a9d86e00282e9369
62b329b8e6518c0028d1b38c,34521216100029,TRUE,621c95e4a9d86e00282e9369
62b48448ee51c80028ee5aad,,FALSE,62b48448ee51c80028ee5aaf
62c273ebf38e2d0028656937,,FALSE,62c273ebf38e2d0028656939
62b97b989419c50028cd687b,,FALSE,62b97b989419c50028cd687d
62c2cf93f38e2d0028658054,81260517800019,TRUE,62c2cb77f38e2d0028657eae
62c3071bf38e2d002865996e,83486365600023,TRUE,625fc2249beecd0028a11e00
62befef447e09500288c630b,,FALSE,62befef447e09500288c630d
62c2ce8cf38e2d0028657fdf,81260517800019,TRUE,62c2cb77f38e2d0028657eae
62d012d2e6a91f0028aaf5f7,,FALSE,62d012d2e6a91f0028aaf5f9
62ce84a1e6a91f0028aab2a1,,FALSE,62ce84a1e6a91f0028aab2a3
62cd8f8ce6a91f0028aa8fcd,90966279300019,TRUE,628e4fee408e970028449ddf
62d66003fbe9b40028afe1f9,,FALSE,62d66003fbe9b40028afe1fb
62d50b49a0734b002835a251,,FALSE,62d50b49a0734b002835a253
62ce73ede6a91f0028aaadc8,,FALSE,62ce73ede6a91f0028aaadca
62d7ca44fbe9b40028b02dc7,35323259800030,TRUE,62d7c432fbe9b40028b02bd2
62d7cb32fbe9b40028b02e23,,FALSE,62d7cb32fbe9b40028b02e25
62e10b3e493fab004b5d6dbb,89234889700026,TRUE,62e10ada493fab004b5d6d8a
62e0fd77493fab004b5d66ed,82225183100027,TRUE,62e0f2307bf3380028376003
62e103ea493fab004b5d6a8c,42924994900174,TRUE,62e0fd24493fab004b5d66c2
62e102b0493fab004b5d69f1,42924994900174,TRUE,62e0fd24493fab004b5d66c2
62e22d5698aee50028d75d6d,85188985700013,TRUE,62e22ce298aee50028d75d5c
62e15373493fab004b5d87e6,42924994900174,TRUE,62e0fd24493fab004b5d66c2
62e130f5493fab004b5d7ba5,32922456200614,TRUE,62e12d00493fab004b5d7a46
62e11357493fab004b5d70d1,,FALSE,62e11357493fab004b5d70d3
62e0f4527bf3380028376190,52344837100030,TRUE,62e0f2047bf3380028375fdf
62e931eb2b3aac0028732228,81742674500037,TRUE,6239a5bbea0d770029d751fe
62f1020ec627860028115570,,FALSE,62f1020ec627860028115572
62fca4ef6e89960028b98c9c,78334443500038,TRUE,62fb98599e78690028f1db3e
62fe48db6e89960028b9db73,,FALSE,62fe48db6e89960028b9db75
62ebf6672b3aac0028737db4,,FALSE,62ebf6672b3aac0028737db6
62ed18ea2b3aac0028739763,81742674500037,TRUE,6239a5bbea0d770029d751fe
62ed1a072b3aac00287397df,81742674500037,TRUE,6239a5bbea0d770029d751fe
62ecb6a02b3aac0028738804,84076431000016,TRUE,62ecb5e92b3aac00287387f2
6308746ef80f5700283258ac,,FALSE,6308746ef80f5700283258ae
6320d93544ff5200286d5921,,FALSE,6320d93544ff5200286d5923
6319b541d3bbdd0028a11356,,FALSE,6319b541d3bbdd0028a11358
6316fec0986594002707983f,,FALSE,6316fec09865940027079841
633556085680f200287afd51,45101497100019,TRUE,6332aa11ca205b0028daa1fe
633561d15680f200287b0124,80210238400046,TRUE,632ae21ce8c4020056838be7
632d5e7de8c402005683e638,41071736700040,TRUE,632af479e8c4020056839155
6320dbef44ff5200286d5986,,FALSE,6320dbef44ff5200286d5988
633aaf27e8d23e002782a5ee,,FALSE,633aaf27e8d23e002782a5f0
633a7c49e8d23e0027829cf6,,FALSE,633a7c49e8d23e0027829cf8
63356f055680f200287b05d0,80210238400046,TRUE,632ae21ce8c4020056838be7
633d4bb9092ba70027561f99,,FALSE,633d4bb9092ba70027561f9b
633c2c0b092ba7002755fd53,45398962600032,TRUE,633ab1fee8d23e002782a6af
6344242e8339300027d1d740,,FALSE,6344242e8339300027d1d742
634440018339300027d1df05,,FALSE,634440018339300027d1df07
634eb81be03b7200287dd97a,40173019700043,TRUE,62e0ffa3493fab004b5d683f
635a4d59b0b75d0028022b0d,,FALSE,635a4d59b0b75d0028022b0f
635944933984780028112f31,38903568400064,TRUE,632af5a7e8c40200568391a2
634573d08339300027d20148,,FALSE,634573d08339300027d2014a
636a7e9cf9185b0027cbfdad,,FALSE,636a7e9cf9185b0027cbfdaf
6359472c3984780028113064,38903568400064,TRUE,632af5a7e8c40200568391a2
637cd217c0239b0028e8649d,45398962600032,TRUE,633ab1fee8d23e002782a6af
6388ba912f024900287a7f0e,,FALSE,6388ba912f024900287a7f10
6388b9482f024900287a7e99,,FALSE,6388b9482f024900287a7e9b
6388c4746032e5002847e8f6,,FALSE,6388c4756032e5002847e8f8
6388ccb46032e5002847eb88,79323449300039,TRUE,6388671c2f024900287a75a4
6388c6286032e5002847e98a,,FALSE,6388c6286032e5002847e98c
638f070f087a7900287a9e26,,FALSE,638f070f087a7900287a9e28
638a304d6032e5002848086d,,FALSE,638a304d6032e5002848086f
638f0e34087a7900287aa085,,FALSE,638f0e34087a7900287aa087
638f1979087a7900287aa37c,,FALSE,638f1979087a7900287aa37e
6392ceef087a7900287aea5b,79374443400010,TRUE,632d4011e8c402005683e413
638f7776087a7900287ab37e,,FALSE,638f7776087a7900287ab380
63909890087a7900287ac742,40853686000047,TRUE,630ddd14a2f1890028786fe2
638f560e087a7900287aac41,,FALSE,638f560e087a7900287aac43
63908a4c087a7900287ac479,,FALSE,63908a4c087a7900287ac47b
6390a408087a7900287ac99d,40853686000047,TRUE,630ddd14a2f1890028786fe2
63909af4087a7900287ac7e2,40853686000047,TRUE,630ddd14a2f1890028786fe2
639c8d051048600d381b605f,40853686000047,TRUE,630ddd14a2f1890028786fe2
63b4029b0c646c59b4ab3688,19350700100017,TRUE,63b3ec070c646c4f65ab35e7
63c9769a597daf0c6e6b3ee7,,FALSE,63c9769a597daf66496b3ee9
63aac09d10004b4deaa580c8,,FALSE,63aac09d10004b38d6a580ca
63bfcc5b66193ef2131e8d1a,39960905600094,TRUE,63bd7c2c66193eac7f1e8625
63a1d586f145b12a56bd4eea,89753492100019,TRUE,6391e681087a7900287adec3
63ca65b0597daf4bef6b4411,,FALSE,63ca65b0597daf7bde6b4413
63b406d80c646c465dab369c,19350700100017,TRUE,63b3ec070c646c4f65ab35e7
63d7a97a7d2c59df7151fe26,82961303300010,TRUE,63cfbda1597dafdc346b5b07
63ea57c5ea7d34d626b96f75,,FALSE,63ea57c5ea7d34b7d4b96f77
63fb9f20dc149e53d9750208,,FALSE,63fb9f20dc149e7ca975020c
6400839cdc149e17e88b295e,33008478100054,TRUE,63fc8dd5dc149efe7577b087
63d934517d2c5925d1520cc5,38797206000066,TRUE,632c8055e8c402005683d766
63f37aa5e1a635239160ee49,30540504502252,TRUE,63f37983e1a6350c6c60ee32
63fe2d89dc149e0cea8039c9,33008478100054,TRUE,63fc8dd5dc149efe7577b087
6400ae24fa9543be821ecdc2,30540504501866,TRUE,63c520eb66193e12b61e9bc7
6405c931fa9543624c3228eb,80235447200044,TRUE,64031f0bfa9543b456276061
64007d65dc149eeebc8af3fd,30540504501866,TRUE,63c520eb66193e12b61e9bc7
63d92fe27d2c597697520c6a,34521216100029,TRUE,621c95e4a9d86e00282e9369
63d936e37d2c597e27520cdb,38797206000066,TRUE,632c8055e8c402005683d766
63ee12bbea7d34d389b987a1,40853686000047,TRUE,630ddd14a2f1890028786fe2
63e122a29c540c33c1196bd5,78611740800025,TRUE,626694f91460ea0028952c0f
63fe318adc149eb92f8056f1,33008478100054,TRUE,63fc8dd5dc149efe7577b087
63ff5178dc149eeb5184c07a,19350700100017,TRUE,63b3ec070c646c4f65ab35e7
64071a83a3c7be680bfa4d91,49330056000015,TRUE,62bd69419759bd0028589351
640835eca3c7be09150163d5,18440135400057,TRUE,6408356da3c7be46a0016056
640b42f9a3c7bed4881d658a,88803859300016,TRUE,6409b1d5a3c7be00f31240aa
640efae1a3c7bed27928318f,78611740800025,TRUE,626694f91460ea0028952c0f
63d92ef47d2c59abea520c57,38797206000066,TRUE,632c8055e8c402005683d766
63e4cd6dea7d340bc2b95266,,FALSE,63e4cd6dea7d34e015b95268
63ff4ffbdc149e32d684b253,19350700100017,TRUE,63b3ec070c646c4f65ab35e7
63ff5b64dc149e2210851ad8,33008478100054,TRUE,63fc8dd5dc149efe7577b087
6401ca2afa9543add223d178,30540504501866,TRUE,63c520eb66193e12b61e9bc7
63ff52e8dc149ed6dd84cec0,33008478100054,TRUE,63fc8dd5dc149efe7577b087
640898bea3c7beec7f090a45,78835426400095,TRUE,61d564cd06838c0028b6118c
640b452da3c7be05f81d7236,88803859300016,TRUE,6409b1d5a3c7be00f31240aa
641c2f5af22c13445ec44d4c,49330056000015,TRUE,62bd69419759bd0028589351
641c75b2f22c137e3fc61f11,33008478100054,TRUE,63fc8dd5dc149efe7577b087
641c2bfaf22c1333b4c4314c,,FALSE,641c2bfaf22c130652c4314f
6426a1f5dc6343f01f8102ba,33008478100054,TRUE,63fc8dd5dc149efe7577b087
64243a9f06b3a76dca2eeb71,,FALSE,64243a9f06b3a731c82eeb77
642bd9b5dc63435c249dc3d2,,FALSE,642bd9b5dc6343c74d9dc3d6
642edd836444d7ff2a12ba30,38797206000066,TRUE,632c8055e8c402005683d766
642f03586444d70e5813b314,38797206000066,TRUE,632c8055e8c402005683d766
642fb7f36444d7bca015eeaf,79204629400015,TRUE,620630f84e81140028a1aafd
643670426444d70c0e295f00,40853686000047,TRUE,630ddd14a2f1890028786fe2
6437fdef6444d75d822eabf5,,FALSE,6437fdef6444d7ae342eabf8
643d3f80f4102c64fba5b5e4,,FALSE,643d3f80f4102c57f8a5b5e7
643e783ff4102c048aa936e1,33008478100054,TRUE,63fc8dd5dc149efe7577b087
643e81fdf4102c24d3a95473,,FALSE,643e81fdf4102c418ea95476
6448ec9fc799c85cfb478d9c,90966279300019,TRUE,628e4fee408e970028449ddf
64412dbd7080a9a4bea0c216,,FALSE,64412dbd7080a9fa5ca0c21b
643fade0a9fb7ebeb8b56b12,33008478100054,TRUE,63fc8dd5dc149efe7577b087
6447d9b8c799c8bbe443ff56,,FALSE,6447d9b8c799c8622743ff59
643ffef0c3368c73789e5794,33008478100054,TRUE,63fc8dd5dc149efe7577b087
6442923e7080a953a5a4f7e9,,FALSE,6442923e7080a99df4a4f7ed
6442986d7080a90f59a51487,,FALSE,6442986d7080a92726a5148a
6446803a7080a92698af02d2,,FALSE,6446803a7080a9690daf02d5
6450be1c53d5af5f0c8eeab5,81073642100050,TRUE,61e53eeecc6f740028f872b9
6450d6a853d5afe0e28f6d7c,81073642100050,TRUE,61e53eeecc6f740028f872b9
645110f2219b7ab269e13f12,81073642100050,TRUE,61e53eeecc6f740028f872b9
645136811e97d1408e4c7763,81073642100050,TRUE,61e53eeecc6f740028f872b9
6451032153d5af0378905292,81073642100050,TRUE,61e53eeecc6f740028f872b9
645123d6946f9a8abf08184b,81073642100050,TRUE,61e53eeecc6f740028f872b9
6451358e1e97d129444c7044,81073642100050,TRUE,61e53eeecc6f740028f872b9
6452264654a508da611a3108,,FALSE,6452264654a508636c1a310b
64521ee254a508f6a719fe9a,34521216100029,TRUE,621c95e4a9d86e00282e9369
6452227454a5084d101a108a,34521216100029,TRUE,621c95e4a9d86e00282e9369
6452265d54a508254f1a3222,,FALSE,6452265d54a508d25b1a3225
64522c1954a508d77e1ab921,41478372000025,TRUE,632b0f14e8c4020056839a48
64522eaf54a50862461afad7,,FALSE,64522eaf54a50881951afadb
64522d6c54a5082d9c1ad9ab,,FALSE,64522d6c54a5083b071ad9ae
64522e0c54a508e5071ae9e6,,FALSE,64522e0c54a5081d271ae9ea
6452499b54a50879911c28a9,,FALSE,6452499b54a50861a61c28ac
645239bd54a508694e1b993a,,FALSE,645239bd54a508804d1b993d
6452573154a508a80f1cdafd,,FALSE,6452573154a50875fc1cdb00
645237ab54a5086d5f1b8658,,FALSE,645237ab54a508c89c1b865b
64524a0054a508fcce1c2dfd,41478372000025,TRUE,632b0f14e8c4020056839a48
645255ae54a508d69a1cc94e,,FALSE,645255ae54a50823dd1cc951
64525e7654a508ab091d53b8,,FALSE,64525e7654a508ed4e1d53c1
6452601554a5086b511d86ba,,FALSE,6452601a54a508839e1d8713
645260ec54a50808181da479,,FALSE,645260f154a5087c551da539
6452619254a50830a51dbbfa,,FALSE,6452619354a5085bfa1dbc01
6452620d54a508f9061dcc81,,FALSE,6452620e54a5081c361dccc0
6452705554a50868c11ed47f,,FALSE,6452705554a50834fc1ed482
6452723f54a5081ac91ee6ba,,FALSE,6452723f54a508b9481ee6bd
6452722354a5088b651ee5b5,,FALSE,6452722354a50809e31ee5b9
64528dbf54a508313a1ff015,,FALSE,64528dbf54a508438e1ff018
6452927654a5087bfa2001e6,,FALSE,6452927654a508cccd2001e9
6453757d54a508ea8f22d6bc,,FALSE,6453757e54a508932b22d6bf
6453947854a508821923a61e,,FALSE,6453947854a508f21a23a621
6453778054a50827bb22ec9f,,FALSE,6453778054a50871a222eca2
6453b72f54a5082f27249a94,,FALSE,6453b72f54a5085a79249a97
6453c0e954a50834a124dbfe,83486365600023,TRUE,625fc2249beecd0028a11e00
6453d433ea2e6663a27846af,,FALSE,6453d433ea2e662ab67846b2
6453c67defded073b4fb5aea,,FALSE,6453c67defded06faffb5aed
6453cdd1efded04a65fb93fa,,FALSE,6453cdd1efded05afcfb93fd
64547fbd37e6f40ad0d68070,,FALSE,64547fbd37e6f43ec0d68073
6453fdb737e6f4252bd5dd12,,FALSE,6453fdb737e6f43eaad5dd15
6454ab1737e6f47ebfd6f7dd,,FALSE,6454ab1837e6f400d0d6f7e4
6454bc7b37e6f4243bd79333,,FALSE,6454bc7b37e6f4efb2d7933a
6454b52537e6f47aeed75216,,FALSE,6454b52637e6f42da6d75219
6454ba5337e6f4f8dad7803c,,FALSE,6454ba5337e6f40e8ad7803f
6454b4d137e6f4efdbd74f0c,,FALSE,6454b4d137e6f4cfc1d74f0f
6454ca9337e6f4978cd804eb,,FALSE,6454ca9337e6f4dd2dd804ee
6454d64937e6f41a4bd87a1e,,FALSE,6454d64937e6f42b36d87a21
6455064a37e6f403acd9a831,,FALSE,6455064a37e6f40038d9a834
645514d937e6f4b21bda27cd,,FALSE,645514d937e6f45396da27d0
6455051437e6f4f359d99d93,83519684100026,TRUE,6453993954a5083ff623b89b
6459239037e6f4b12edfc6d3,,FALSE,6459239037e6f4a1acdfc6d6
6458f17f37e6f49ff3df3bd3,,FALSE,6458f17f37e6f4fdc1df3bd6
645a429237e6f405ade3d79e,,FALSE,645a429237e6f4489be3d7a2
645a54c837e6f43665e4ac80,,FALSE,645a54c837e6f4afcbe4ac83
645b4d83d65bc8b0a13dd04f,,FALSE,645b4d83d65bc8211b3dd056
645b6fb7d65bc812583edd7d,,FALSE,645b6fb7d65bc881d73edd80
645b8a8bd65bc81fcd3f76cd,33008478100054,TRUE,63fc8dd5dc149efe7577b087
645ba351d65bc8526e403fb9,,FALSE,645ba351d65bc8d14a403fbc
645cfaf6cc55be7151185380,,FALSE,645cfaf6cc55be0ed9185383
645cc5f7cc55beb94217034f,,FALSE,645cc5f7cc55be604d170353
645d290ccc55bea55019329b,,FALSE,645d290ccc55be17c319329e
645b8b2dd65bc8051d3f7c42,,FALSE,645b8b2dd65bc845d23f7c46
645bfe89a427d3d890ec5b7c,,FALSE,645bfe89a427d385b5ec5b7f
645de2e7cc55bebeac1a28f3,,FALSE,645de2e7cc55be7e8b1a28f6
645e5462cc55be097b1c329f,,FALSE,645e5462cc55be6b051c32a2
645e362dcc55be4e291ba7df,81160199600069,TRUE,6454f32037e6f46167d922f9
6461e153cc55be644a20cefa,,FALSE,6461e153cc55be094120cefe
6461f97ccc55bec2e6217b28,33008478100054,TRUE,63fc8dd5dc149efe7577b087
6461fa7acc55be692721844f,33008478100054,TRUE,63fc8dd5dc149efe7577b087
645dd18fcc55be5caa19ff06,,FALSE,645dd18fcc55bece5419ff09
645e3d5fcc55be42f21bceec,81160199600069,TRUE,6454f32037e6f46167d922f9
6461fcefcc55be4cf1219926,33008478100054,TRUE,63fc8dd5dc149efe7577b087
646211a9cc55be3a9022201a,33008478100054,TRUE,63fc8dd5dc149efe7577b087
6462272ecc55be85e12292cb,43861111300038,TRUE,6452284f54a508488c1a5ef7
646226d9cc55befe2c229002,,FALSE,646226d9cc55be0277229005
6462261bcc55be802f22896f,43861111300038,TRUE,6452284f54a508488c1a5ef7
64624317cc55be6cef236527,,FALSE,64624317cc55bebed923652a
64622e9dcc55be67aa22c43e,,FALSE,64622e9dcc55beab6a22c441
6462a08e84cf0465f5f99d4a,,FALSE,6462a08e84cf04274ff99d4d
64632d9784cf047dddfa4914,,FALSE,64632d9784cf044688fa4917
64624b3dcc55be83dd239c85,,FALSE,64624b3dcc55be5371239c88
646364016f340667beb596dd,33008478100054,TRUE,63fc8dd5dc149efe7577b087
6463de616f340687e8b7d05b,,FALSE,6463de616f34060b08b7d05e
646380176f34064da1b65972,,FALSE,646380176f3406584db65975
64635e266f34068d3cb58049,,FALSE,64635e266f340691d8b5804c
646390fb6f3406268bb6d372,,FALSE,646390fb6f34061eacb6d375
6463a14c6f3406069cb72e1e,,FALSE,6463a14c6f34067ddfb72e21
6464c3f96f340673f0b9f048,42968925000059,TRUE,638880ac2f024900287a78c4
6464cc1c6f340650d3ba1cca,81742674500029,TRUE,62399abaea0d770029d74c96
6464ce096f34061a77ba2adf,81742674500029,TRUE,62399abaea0d770029d74c96
64676e8a6f34065673bea662,30540504502245,TRUE,63986b7dba82fd00285849c7
6464a34d6f3406bd48b95f34,,FALSE,6464a34d6f34064b6fb95f37
6464a76a6f34069bc5b97b59,,FALSE,6464a76a6f3406c0a6b97b5c
64676bf96f3406a691be9f70,30540504502245,TRUE,63986b7dba82fd00285849c7
646b24516f34067f2ac383a6,39876749100010,TRUE,64522f0554a50834091b0293
646cbe906f3406128dca0999,,FALSE,646cbe906f34060a6bca099c
646cbf7d6f34060c30ca0ee9,,FALSE,646cbf7e6f3406cf2aca0eec
646cca026f34063782ca5365,45171541100018,TRUE,62386104ea0d770029d7094d
646b36e06f34063feec416ec,,FALSE,646b36e06f340634b3c416ef
646b779d6f34060d3ac5bdbc,,FALSE,646b779e6f340681a2c5bdbf
646caae56f34064afec994bb,47883804800062,TRUE,644287247080a92cc3a4d013
646dc4afdf222d83318b8524,,FALSE,646dc4afdf222d1e8e8b8527
646dba3ba30b256aa17b15c0,,FALSE,646dba3ba30b253b3e7b15c3
646de26ddf222d03188c3412,30975404200039,TRUE,645cb789cc55be7ab3167d97
646e29df1d87884074ffa08c,,FALSE,646e29df1d8788840dffa08f
646e282c1d87880592ff97a3,34521216100029,TRUE,621c95e4a9d86e00282e9369
646f7c8f171281439f152c29,,FALSE,646f7c8f171281ec28152c2c
646f155f084107f3d9e8b957,79954538900030,TRUE,6270eac22717f1002861eb2e
646fc3ea1712810a3a1626be,90255824600028,TRUE,62e0ff02493fab004b5d67cf
64744bcf1712815353201c96,,FALSE,64744bcf1712816c00201c99
6470c3d917128132db190b41,,FALSE,6470c3d91712817431190b45
647077251712814746176766,,FALSE,647077251712819a69176769
6470ca4b1712813d8819294e,,FALSE,6470ca4b1712815018192951
6471182c171281ee151a3697,,FALSE,6471182c1712810e681a369a
6474c4a8171281f2ca21e0ac,,FALSE,6474c4a81712813b6021e0af
6475c00717128187e324e24e,,FALSE,6475c00717128185df24e251
6475c3d1171281225a250376,33008478100054,TRUE,63fc8dd5dc149efe7577b087
6475e7fd1712819759261d5f,,FALSE,6475e7fd1712813a05261d62
64764d061712817e9b28c21f,,FALSE,64764d06171281851e28c222
6478591e8ee14375dbc903d6,30540504501403,TRUE,628b9e80408e9700284412e4
647850230a25fb20972a1096,34025814400252,TRUE,63bd459966193e0de81e84b8
6476050b1712819c2927218c,,FALSE,6476050b171281662327218f
6475dc0f171281998925a96a,,FALSE,6475dc0f1712815f8825a96d
647869208ee14309c0c95d6c,,FALSE,647869208ee14320bfc95d6f
6478bd8a8ee143d6c0cb4d8e,,FALSE,6478bd8a8ee143f911cb4d91
6477180e423817f309f068c4,,FALSE,6477180e4238170ae3f068c8
6479e1898ee143797bd4bb72,32922456200598,TRUE,6450f99553d5af2db0901a29
6477a77d0a25fb18af284fb6,88180578200029,TRUE,640c793aa3c7be7515211f11
6479e9678ee14383b1d51107,32922456200598,TRUE,6450f99553d5af2db0901a29
647991668ee1431f93d175ac,,FALSE,647991668ee1437d4dd175af
647d8a968ee14325a8e1c444,42021942000031,TRUE,647d845e8ee1437e4ae19dcc
6479d98e8ee143560cd46bf9,32922456200598,TRUE,6450f99553d5af2db0901a29
6479e69b8ee14367cdd4f6a2,32922456200598,TRUE,6450f99553d5af2db0901a29
647da3ca8ee143e6c4e2a8c6,42021942000031,TRUE,647d845e8ee1437e4ae19dcc
647ef0888ee143d11ae9a5a2,82225183100027,TRUE,62e0f2307bf3380028376003
647eef328ee14319bee999c3,,FALSE,647eef328ee1434104e999c6
647eee058ee143ec17e98f4b,82225183100027,TRUE,62e0f2307bf3380028376003
647ef5ab8ee143813ee9d5ac,,FALSE,647ef5ab8ee1433d71e9d5b0
648052a58ee1431b04f0e119,,FALSE,648052a58ee143805df0e11d
648088af8ee1432376f280fe,45303523000094,TRUE,6332a6d2ca205b0028daa177
6482bf8bae089e7e3a81ea63,,FALSE,6482bf8bae089e777d81ea66
6481c752ae089e94f07e36dc,,FALSE,6481c752ae089e941d7e36df
648035598ee143cbadf00fcc,,FALSE,648035598ee1439f5bf00fcf
6481df52ae089ef2517efb84,,FALSE,6481df52ae089ec8607efb88
647f874a8ee143c395ee8dc2,,FALSE,647f874a8ee1431a81ee8dc6
6482d8b2ae089e3a5e823d3f,,FALSE,6482d8b2ae089e4e2b823d42
6486dd59ae089ee84c8e6bda,34521216100029,TRUE,621c95e4a9d86e00282e9369
6486f101ae089eb1a08f1a09,,FALSE,6486f101ae089e66508f1a0c
648826a07634e788f60f6d94,,FALSE,648826a07634e73d3d0f6d97
648882c67634e724661298fa,38797206000066,TRUE,632c8055e8c402005683d766
64888a8b7634e736a612ff8f,38797206000066,TRUE,632c8055e8c402005683d766
64887a087634e77fa112364d,38797206000066,TRUE,632c8055e8c402005683d766
64888e357634e7b741132c7b,38797206000066,TRUE,632c8055e8c402005683d766
648887a07634e77aad12dab3,38797206000066,TRUE,632c8055e8c402005683d766
6489adb77634e74ab01ed165,45171541100018,TRUE,62386104ea0d770029d7094d
6489dd237634e7776023e8ff,,FALSE,6489dd237634e701be23e902
648ae2bb258b08e34c1b37f3,30540504500421,TRUE,63da20cda31e9443d4fec0e3
648ae34a258b0807681b3e9c,30540504500421,TRUE,63da20cda31e9443d4fec0e3
648c4138258b085daf246f7f,,FALSE,648c4138258b087d47246f82
648b042b258b0829821c6c16,,FALSE,648b042b258b085ec91c6c19
648adcb2258b086f2d1afc96,30540504500421,TRUE,63da20cda31e9443d4fec0e3
64902394258b08161f312c85,,FALSE,64902394258b089450312c88
6491341b258b08e3e536939a,,FALSE,6491341b258b0880dc36939d
6491bbd5258b0821413a23a3,35173431400047,TRUE,63c66287b9cfa118e426df48
6491641b258b087706375d29,,FALSE,6491641b258b08451c375d2c
64940704258b08b02743c7e0,89234889700026,TRUE,62e10ada493fab004b5d6d8a
6492c587258b0886163e1b96,,FALSE,6492c587258b087a523e1b99
6491b49e258b0868f039efaf,,FALSE,6491b49e258b089e5e39efb3
6492c636258b0851603e2039,,FALSE,6492c636258b0874423e203c
64915c1b258b08cf57372684,51772736800030,TRUE,646b28cf6f340639a7c3a1bf
6494530b258b08978746801d,33008478100054,TRUE,63fc8dd5dc149efe7577b087
64941479258b0863c2442d3b,30540504502641,TRUE,63bd789966193e61ef1e8605
6495876c19ea89019f40e535,,FALSE,6495876c19ea89a7b940e538
6495462a19ea8961713f7659,,FALSE,6495462a19ea89c5cc3f765c
649957b6f00c8f4ee50b710b,,FALSE,649957b6f00c8f09d10b710e
64996eb7f00c8f8fdc0c69b7,,FALSE,64996eb7f00c8faa8f0c69ba
649a80b9b055dfcde8600edc,,FALSE,649a80b9b055df169d600edf
649974b3f00c8f4e1b0c9902,,FALSE,649974b3f00c8f47b80c9906
649a8ee0b055df7e3f6063c8,,FALSE,649a8ee0b055df40006063cb
649ab5bfb055df15d661dbf6,,FALSE,649ab5bfb055df37a761dbfb
649ab04cb055df34fc619db8,,FALSE,649ab04cb055dff5cd619dbb
649c4188b055dfdb2a6ba1d2,19340042100023,TRUE,641b26e0b456a320a6058f1b
649d5132d253b75417391505,19340042100023,TRUE,641b26e0b456a320a6058f1b
649d52d9d253b7556b39210e,19340042100023,TRUE,641b26e0b456a320a6058f1b
649d31aed253b7017b383270,19340042100023,TRUE,641b26e0b456a320a6058f1b
649ea5afeb93c60a9109c421,,FALSE,649ea5afeb93c6717709c424
64a2ca33eeeb7c69bc0697af,,FALSE,64a2ca33eeeb7c61d00697b2
64a3eafeeeeb7ce77c0d1193,,FALSE,64a3eafeeeeb7c425c0d1196
64a2d08aeeeb7c33e706e43e,,FALSE,64a2d08aeeeb7c0c2106e441
64a2dbfbeeeb7c576e076a6c,,FALSE,64a2dbfbeeeb7c5c2b076a6f
64a3e683eeeb7c14760ce9e0,,FALSE,64a3e683eeeb7c2b370ce9e3
64a40be0eeeb7c007f0e242e,,FALSE,64a40be0eeeb7ce7ff0e2431
64a3d004eeeb7cb1f40c2155,,FALSE,64a3d004eeeb7c02f40c2158
64a68476eeeb7c44ce1adacd,53830929500029,TRUE,642c0c6adc63431d7d9fe7e9
64a6ce79eeeb7c73ef1e033f,53830929500029,TRUE,642c0c6adc63431d7d9fe7e9
64a6a77deeeb7c23bc1c8777,53830929500029,TRUE,642c0c6adc63431d7d9fe7e9
64a6cd08eeeb7ce44c1df45a,,FALSE,64a6cd08eeeb7c46fa1df45e
64a7cf52eeeb7cc0342257ed,53830929500029,TRUE,642c0c6adc63431d7d9fe7e9
64a6d061eeeb7c90c01e1520,53830929500029,TRUE,642c0c6adc63431d7d9fe7e9
64a67e8ceeeb7c23a31aa4f5,,FALSE,64a67e8ceeeb7c56b31aa4f8
64a68c5aeeeb7c03141b39fb,53830929500029,TRUE,642c0c6adc63431d7d9fe7e9
64a83956eeeb7ccc2425e562,,FALSE,64a83957eeeb7c136425e565
64a695c0eeeb7c1cb51be5f1,,FALSE,64a695c0eeeb7c2a731be5f4
64a68dc9eeeb7c18271b540c,53830929500029,TRUE,642c0c6adc63431d7d9fe7e9
64ad1eb3fa701d1649f30caa,,FALSE,64ad1eb3fa701d82b7f30cad
64ac1d82dd1e27391bf36efc,,FALSE,64ac1d82dd1e2745e6f36eff
64b50301cd907415bdbfb5a9,30707155500030,TRUE,64b3d741cd90747bd3bbea69
64b502a7cd90742497bfb377,30707155500030,TRUE,64b3d741cd90747bd3bbea69
64aeaa21fa701d863efc6ab8,75235329200028,TRUE,64ad7d9dfa701d5271f63501
64afef5bcd9074d642b0cc89,41279079200029,TRUE,6373b470ddf80c0027279805
64b0245bcd9074457fb235b9,,FALSE,64b0245bcd90744045b235bc
64b62d38cd90741498c542e6,18974221600022,TRUE,6475d3d117128154802576e7
64ba82ab1e20db19d95f7a71,,FALSE,64ba82ab1e20dbf26c5f7a75
64bf72563a62ac28ac1680e6,,FALSE,64bf72563a62ac55871680e9
64c503405e27b3117894d2ea,,FALSE,64c503405e27b31cc394d2ed
64c27b1a5e27b345a966e6d3,,FALSE,64c27b1a5e27b3968166e6d7
64d0ed2ab674b28aa85438be,,FALSE,64d0ed2ab674b22dce5438c1
64ccd7c17a581b1f48fbc09e,,FALSE,64ccd7c17a581b18acfbc0a2
64ef4075f7dadab3ee5f7d61,,FALSE,64ef4075f7dada14305f7d67
64d601974b435722d76f5c8f,,FALSE,64d601974b435702f76f5c92
64e89eacf7dada1937318bbf,,FALSE,64e89eacf7dada69a9318bcd
64f5b6581e2e2e4201522bac,,FALSE,64f5b6581e2e2eb30a522baf
64e60f0af7dada326019a823,,FALSE,64e60f0bf7dada8f1319a828
64f871fb5e0d3e4bd00acc56,,FALSE,64f871fc5e0d3e81ec0acc65
64f8224abe20de823662d12b,,FALSE,64f8224abe20ded94a62d12e
65031ebf2ebd03a3bbb183e0,,FALSE,65031ebf2ebd037045b183e4
6508105b3aa7ed42b6cee736,,FALSE,6508105b3aa7ed71f8cee739
6509ae8d3aa7ed178404bb50,49870909600032,TRUE,624c093d24ae910028c885f2
650ae958772d4e74fd036a9c,53830929500029,TRUE,642c0c6adc63431d7d9fe7e9
650af356772d4ea45805b15a,53830929500029,TRUE,642c0c6adc63431d7d9fe7e9
650853b83aa7edc5aadc311a,,FALSE,650853b83aa7ed1b12dc311d
650af8fd772d4ef786070ab1,,FALSE,650af8fd772d4e815b070ab5
6509abdf3aa7ed93c1044685,49870909600032,TRUE,624c093d24ae910028c885f2
650ae990772d4e5adf038304,,FALSE,650ae990772d4e6f39038308
650d4f772e1d495a591cada4,,FALSE,650d4f772e1d4937aa1cada7
6504ed813aa7ed850dabe74e,49870909600024,TRUE,6504ec4e3aa7ed5b32abe1fb
65081b3e3aa7ed15a5d0e5c0,,FALSE,65081b3e3aa7ed73c8d0e5c3
65099d3d3aa7ed5790015435,,FALSE,65099d3d3aa7edeb5101543b
650bf6db772d4e22e81c2b72,,FALSE,650bf6db772d4ed4d61c2b75
650d601a7d50ff4a32a09f0a,,FALSE,650d601a7d50ff7271a09f41
650d60c87d50ffbd1ca0dbe7,,FALSE,650d60c87d50ffcc8ba0dbfe
650d63797d50ff1448a1ba9e,,FALSE,650d63837d50ff6a95a1bab8
650d6d926bcb57d09a162883,,FALSE,650d6d926bcb5769aa162886
650d6c806bcb57c45415cd97,,FALSE,650d6c806bcb57750215cd9a
650d73746bcb5730681714a5,,FALSE,650d73756bcb573ec91714a9
650d764c6bcb573e19177f3d,,FALSE,650d764c6bcb57da87177f42
650d80c06bcb57dcd1190e36,53830929500029,TRUE,642c0c6adc63431d7d9fe7e9
650d757b6bcb5709f6176322,,FALSE,650d757b6bcb57113717632a
650d82816bcb57f54119468f,,FALSE,650d82816bcb573301194692
650d913a6bcb574d1c1be9a5,,FALSE,650d913a6bcb5723731be9ab
650d83856bcb57785e19683c,,FALSE,650d83856bcb574e9b196840
650d96d16bcb573fd31d092e,,FALSE,650d96d16bcb5760701d0931
650dd4146bcb57bd5d259af4,,FALSE,650dd4146bcb570bc3259af7
650da0cf6bcb5728b91f2493,,FALSE,650da0cf6bcb5776491f2498
650db6366bcb57f0e1229430,,FALSE,650db6366bcb5724eb229434
650ead2a6bcb571e252e6c72,,FALSE,650ead2a6bcb574dfe2e6c75
6511414b6bcb57cadf4f8873,,FALSE,6511414b6bcb57c1e64f887b
651152ae6bcb5771445401ae,,FALSE,651152ae6bcb57a7115401d1
651293e46bcb57771e7bead1,,FALSE,651293e46bcb57b9727bead5
6512fa896bcb57d2fa959159,83236007700016,TRUE,62e0f07e7bf3380028375f2d
6513c7356bcb57171aa40786,,FALSE,6513c7356bcb5711e8a4078a
651278c66bcb57e0ac78f07d,,FALSE,651278c66bcb571c7978f080
651447966bcb577d54c0f279,,FALSE,651447966bcb5761c2c0f27d
65128d176bcb574d3f7ad98b,33986696400044,TRUE,6464cf106f3406c2bdba3091
65167e1598a1b9990419a6f3,,FALSE,65167e1598a1b96bb919a6f7
651421286bcb57ac2ab69537,,FALSE,651421286bcb57382fb6953a
6515e21a98a1b9e4dd119f3e,,FALSE,6515e21a98a1b9abe8119f41
6516ff6a98a1b9ea6d31f35e,,FALSE,6516ff6a98a1b9969831f361
651d0f6429c9f948e680b135,75387607700029,TRUE,63f5e88ae2b76be8a801877c
6523f007bf8005f41b9e7258,48430660000038,TRUE,643d5841f4102c28a9a63213
6521a549ef9cebe0ba3cb5fe,,FALSE,6521a549ef9ceb18ca3cb601
6528f2c2db4dcbc198e904d5,,FALSE,6528f2c2db4dcb19f1e904d8
6528ef78db4dcb87abe8fc3b,,FALSE,6528ef78db4dcb5430e8fc3e
65290ca46e0317aeac02b882,,FALSE,65290ca66e03176de202b88a
652912cfd015c6f9c2d43e1f,,FALSE,652912cfd015c6f843d43e22
65292d4dd015c62055d4ab06,,FALSE,65292d4dd015c63c7dd4ab09
652914116e0317d21f02daa6,,FALSE,652914116e0317065102daaa
6529234b6e0317771803258b,,FALSE,6529234b6e03174cf503258e
652d44406e03177f1709f6ba,40173019700043,TRUE,62e0ffa3493fab004b5d683f
652d54d70278e80910e871d4,,FALSE,652d54d80278e82febe871d7
652e375f5c72f181feaaa0a5,,FALSE,652e37605c72f169e7aaa0a8
652e985c5486be299d79b094,,FALSE,652e985c5486be3aa279b097
652ad89bd015c60627d7a474,,FALSE,652ad89bd015c63c11d7a477
652cc5dbd015c67272d9b220,,FALSE,652cc5dbd015c6e49fd9b223
652e381c0278e84625e9a2a8,,FALSE,652e381c0278e85f80e9a2ab
652e555fa3c634ad79bf574e,,FALSE,652e555fa3c634a478bf5751
653121995afcff499f1a314c,,FALSE,653121995afcff7a331a314f
653226ea8139dc0f8124a774,,FALSE,653226ea8139dcc08224a778
6532291f8139dc26b724b14a,42030962700081,TRUE,652e493c9e25ed0b7770d34b
65322ca075f6acc5e861f8a9,,FALSE,65322ca075f6ac015461f8ac
653233224cae3b83ad4ed803,,FALSE,653233224cae3b9cf94ed806
65323a7f4cae3b175b4efa05,,FALSE,65323a7f4cae3bc6934efa08
653233e075f6ac5ef6621b3d,,FALSE,653233e075f6ac7cde621b40
6532388e75f6ac63fd622fca,,FALSE,6532389775f6acec59623162
653237694cae3b6e9b4ee9e1,,FALSE,653237694cae3be8dd4ee9e4
6532422775f6ac1eab6266f2,,FALSE,6532422775f6ac97266266f7
6532334875f6ac38c5621970,,FALSE,6532334875f6ac1d99621973
6532847d75f6ac67916356c1,42021942000031,TRUE,647d845e8ee1437e4ae19dcc
6532358d75f6acaf7d6221bc,,FALSE,6532358e75f6ac01726221c0
653238ea75f6ac329962343f,,FALSE,6532394b75f6ac4065623683
65323a4575f6ac9af36239c7,,FALSE,65323a4675f6ac98b06239d0
653584d64cae3b820a546d5e,,FALSE,653584d64cae3b2ae7546d61
6536461975f6ac402e69bbff,52862386100028,TRUE,65328f6375f6ac7726637edc
65376ad4dad9bbcb1ce8e866,,FALSE,65376ad4dad9bb0c19e8e869
6532a8d075f6ac57dd63bb43,,FALSE,6532a8d075f6acb6c463bb46
6532670875f6ac3a4d62f011,,FALSE,6532670875f6ac363162f014
653289764cae3bc435501cac,42021942000031,TRUE,647d845e8ee1437e4ae19dcc
6533786c4cae3b7538514af3,,FALSE,6533786c4cae3b1d92514af6
6538f898d739d5726c666b48,,FALSE,6538f898d739d50154666b4b
6538cb5d920e6714ea917398,,FALSE,6538cb5d920e67619391739c
653b6d1706ab1031a0c6db66,,FALSE,653b6d1706ab100563c6db69
653b7740e9f7f1308f74d91e,,FALSE,653b7741e9f7f1384e74d923
653c158b06ab10dc1fc88ed0,,FALSE,653c158b06ab1038a2c88ed3
653d6daf06ab10d341ca2652,,FALSE,653d6db106ab10216aca2657
653913043ad84a36bbca474f,,FALSE,653913043ad84ac418ca4752
653f7a5bb7265d83f908f18b,,FALSE,653f7a5cb7265d476008f18e
653cba0e06ab101938c957e7,,FALSE,653cba0e06ab104362c957ea
653dae5fe9f7f12475782aa1,,FALSE,653dae5fe9f7f152b8782aa4
653fa69e15c0655c7bc9f643,,FALSE,653fa69e15c065102ac9f646
6540f97920cd7f258efb0494,,FALSE,6540f97920cd7f0355fb0497
654cd41e1291532e9513d671,,FALSE,654cd41e1291537c1a13d674
654a56ff01f158667ad89171,80476445400034,TRUE,652503e3bf800567ada3bb84
6549dd0d1b4d92292f072ef4,,FALSE,6549dd0d1b4d92179c072ef7
654ca0941b4d92080f0d2d9d,40173019700043,TRUE,62e0ffa3493fab004b5d683f
654a3e5e1b4d9279ea08798e,,FALSE,654a3e5e1b4d92038a087991
6548b9818bf8e5b0b01e2a58,,FALSE,6548b9818bf8e53fac1e2a5b
654e7970e71d6f5b4ec69ec5,,FALSE,654e7970e71d6fecd0c69ec8
6555f9d467150535630c0321,,FALSE,6555f9d46715050f430c0324
6558dc3dde6effcf673eefa8,,FALSE,6558dc3ede6eff768b3eefab
6552785ce71d6f1ea2cd600f,,FALSE,6552785de71d6f24d5cd6012
6555f1e3ad0fc54e61e43c5e,,FALSE,6555f1e3ad0fc533ade43c61
6553bd276715052daf06b7bb,,FALSE,6553bd276715059a3f06b7be
6554efbaad0fc507b1e1dff7,,FALSE,6554efbaad0fc51dffe1dffa
6555e3396715051add0babbc,,FALSE,6555e339671505369a0babc0
6555da8cad0fc545ffe3df62,,FALSE,6555da8cad0fc55076e3df65
6554ad50ad0fc58ce0e0d9c4,,FALSE,6554ad50ad0fc5c2cee0d9c7
655b350ede6eff9a9d434d0d,,FALSE,655b350ede6eff70c2434d10
654a29561b4d929ab8082060,,FALSE,654a29561b4d92e3f7082063
654d50b7db27296e6b57e94a,,FALSE,654d50b7db272926b157e94d
65529067e71d6fc77ccd85a1,,FALSE,65529067e71d6f5107cd85a4
655293cce71d6f9a42cd8b2e,,FALSE,655293cce71d6f1bcbcd8b31
65548cc3671505100a08134e,,FALSE,65548cc3671505c6d8081351
65574a282ac89cdf70ee9b44,84853548000026,TRUE,64d5e3f64b435730d26bcca9
655780292ac89c18e8ef4f56,,FALSE,655780292ac89cb97def4f59
655b09065c7d4accd3f26d68,,FALSE,655b09065c7d4aee37f26d6b
655b3fa6de6eff2b30437aa3,,FALSE,655b3fa6de6eff0bcf437aa6
655f0f5aff7ee61450143697,,FALSE,655f0f5aff7ee6229814369a
6569eabcb63e1c391a3c9dbf,,FALSE,6569eabcb63e1c94d93c9dc2
65733e34163a22ac1a980e02,,FALSE,65733e34163a222b30980e05
657abd9246fc6d99dd9054ea,,FALSE,657abd9246fc6d133d9054f1
65819c8c93818709622a289a,,FALSE,65819c8c93818721ec2a289d
65831e1683af0d23d6321124,80476445400034,TRUE,652503e3bf800567ada3bb84
65708f283a7941530ded1b36,,FALSE,65708f283a79413cfeed1b3a
657196583a79410d2cee858c,,FALSE,657196583a79413957ee858f
657adfe44fcbe1bfc9b8cff5,,FALSE,657adfe44fcbe1cf32b8cff8
6565fa3523f3f1255c169abf,,FALSE,6565fa3523f3f19e20169ac2
655e3a54ed61f0c5d6dcfe0e,,FALSE,655e3a54ed61f02611dcfe11
6569aa32b63e1c1d1b3c1660,,FALSE,6569aa32b63e1cb3233c1663
657c7dfac975529debdd88ac,,FALSE,657c7dfcc975521cf5dd88b0
65784f81054e534dcee69947,51864644300029,TRUE,65784e3a054e53b01ee69752
657ae0a34fcbe12065b8d449,,FALSE,657ae0a34fcbe1f83eb8d44c
65807919b9ef4ef5dc2dbba6,,FALSE,65807919b9ef4eae442dbba9
65790b4446fc6d18288e369e,,FALSE,65790b4446fc6db8878e36a1
6579a56146fc6d0dfb8ef672,40805858400033,TRUE,6579a51e054e538088e88673
656e21cd31494a41d6f8647d,,FALSE,656e21cd31494ae872f86480
65785b9e46fc6d61ef8d272c,,FALSE,65785b9e46fc6d1e888d272f
65831e8d83af0dec3a3212ed,80476445400034,TRUE,652503e3bf800567ada3bb84
6568a9deb63e1c2b0e3adabd,,FALSE,6568a9deb63e1c03253adac0
6593eaa21e30756b192847f2,80476445400034,TRUE,652503e3bf800567ada3bb84
65831dd6ce478113ef81a378,80476445400034,TRUE,652503e3bf800567ada3bb84
65957dbe27bfa84a8714f011,,FALSE,65957dbe27bfa88bff14f014
6597cebf27bfa8dbfb18cf5e,,FALSE,6597cebf27bfa8a35218cf61
659b1d0527bfa8376e1dd4d8,,FALSE,659b1d0527bfa869f91dd4db
659b1e3427bfa8034a1dd634,,FALSE,659b1e3427bfa834921dd637
65a54b93375e285d30c8a224,,FALSE,65a54b93375e28fa7bc8a228
65a78d90375e287c4ccd2cec,,FALSE,65a78d90375e288010cd2cef
65ae7df0406d0b8c14aba547,,FALSE,65ae7df0406d0b42cdaba54c
65afdd3f406d0b6b01afc55c,,FALSE,65afdd3f406d0b52b1afc55f
65b0c478406d0b0039b249e2,42021942000031,TRUE,647d845e8ee1437e4ae19dcc
65a4fef1479fcc167f525f75,,FALSE,65a4fef1479fcc07e0525f78
65a53d98375e287f70c855d4,,FALSE,65a53d98375e288f1bc855d8
6597d09e27bfa80d2c18d35f,,FALSE,6597d09e27bfa8216318d362
659e669321f39264639f60d3,,FALSE,659e669321f3922c169f60d8
65a7d854375e2872f7ce4a68,,FALSE,65a7d854375e28a92ace4a6b
65a7a1ae375e280c4ecd6dcd,,FALSE,65a7a1ae375e28c191cd6dd0
65b78c2f770ca6e830496b6d,,FALSE,65b78c2f770ca63418496b70
65b21bf12ccf6c397f4a3589,,FALSE,65b21bf12ccf6cda9b4a358c
65b26674770ca65cd73da3f6,,FALSE,65b26674770ca6873a3da3f9
65b38f4fec919ac2b8a0d1b2,78371481900589,TRUE,6527eed85177d65785fe1214
65ba48b1c564a11fc53eb2b9,,FALSE,65ba48b1c564a15b733eb2bb
65ba6f5fc564a1c8243fc791,,FALSE,65ba6f5fc564a1d0ca3fc793
65bcb528c564a1fd7847bbca,,FALSE,65bcb528c564a11a2c47bbcc
65bce00bd2b2aa218d114fea,,FALSE,65bce00bd2b2aa66c3114fec
65b7a219ec919a1386aa4482,,FALSE,65b7a219ec919a8f1caa4485
65bcae3ac564a153af479e48,,FALSE,65bcae3ac564a1cce6479e4a
65bd2652c40b0b9b1ecdaeb7,,FALSE,65bd2652c40b0b61eacdaeba
65c39ad68de33d7ccf65bb82,81914381900012,TRUE,65c399d88de33dbfc565b5ba
65c240a6c40b0b84b2e2819d,,FALSE,65c240a6c40b0b7cb4e281aa
65c48c0fa0362515add5932f,,FALSE,65c48c0fa036250029d59331
65c0a5b438c454ae618b48d0,,FALSE,65c0a5b438c45479518b48d2
65c0e30438c454ac4a8cebe3,,FALSE,65c0e30438c454f8e58cebe5
65c0f777c40b0b2a2fdd4f96,,FALSE,65c0f777c40b0b1924dd4f98
65c26f378de33dc25f61c674,,FALSE,65c26f378de33db5ca61c676
65c39197c22358e5b882d20c,,FALSE,65c39197c22358ec1582d20e
65c4ae89346831a9a97d283b,,FALSE,65c4ae8934683119bd7d283d
65c62d083468318881839540,90096359600029,TRUE,65c0d6c538c454d90f8c940d
65c5f847346831aee9825a69,,FALSE,65c5f8483468313f7b825a6b
65c69168346831ca5d855f48,95162917900015,TRUE,65c6912ea0362508d4df0a1f
65c5f3dfa0362518acdbee7e,,FALSE,65c5f3dfa036257956dbee80
65ccd32d937ecf25a391c0e5,,FALSE,65ccd32d937ecf8f4591c0e7
65cce7cf937ecf610e9259b4,,FALSE,65cce7cf937ecf91b49259b6
65cc984efd25df67f6400af9,,FALSE,65cc984efd25df7d48400afb
65ce2406937ecf532d97076d,,FALSE,65ce2406937ecf1bb8970771
65cf4880453846dc5bf4544f,,FALSE,65cf48804538465ac5f45451
65cf9089dd8a9e369ad352db,91389498600029,TRUE,65cca35f42160185be9cb346
65d4bf1e2227547a1945d896,,FALSE,65d4bf1e22275421de45d898
65cce140937ecfa069922ddf,,FALSE,65cce140937ecf9561922de1
65cce41d7b3516323b4137f7,,FALSE,65cce41d7b351603a84137f9
65ccdeaf7b3516558c4113c7,,FALSE,65ccdeb07b351682944113c9
65cce00c937ecf23319222f5,,FALSE,65cce00c937ecfde4b9222fa
65cce91e937ecf460e926104,,FALSE,65cce91e937ecf9db0926106
65cf198add8a9e714ed04811,84853548000026,TRUE,64d5e3f64b435730d26bcca9
65d5171b22275459fc47cc3a,,FALSE,65d5171d2227543c3e47cc3c
65ccd2cefd25df36ed419ff0,,FALSE,65ccd2cffd25df7f36419ff7
65cce2447b35164364412df9,,FALSE,65cce2447b35161d91412dfb
65d41ce1222754816242d22f,88226939200016,TRUE,6459e20a37e6f4cb00e0dece
65d5d13c22275439974a2201,,FALSE,65d5d13c2227540dbf4a2203
65cb2f30346831bb0f93bef7,,FALSE,65cb2f303468315df393befb
65cced3b7b3516e33b4170e3,,FALSE,65cced3b7b35160a1e4170e6
65d89518b8ae761757acf19d,,FALSE,65d89518b8ae763abaacf19f
65e05e7702a6c320ecacf697,,FALSE,65e05e7702a6c396b0acf699
65dc59d9b8ae7679f0bc0756,,FALSE,65dc59d9b8ae76421fbc0758
65db96df022f471e8d9fb139,,FALSE,65db96df022f47115c9fb13b
65ddff01b8ae7605f6c87e64,,FALSE,65ddff01b8ae7636d3c87e66
65e229701906b6ed483a08f5,,FALSE,65e229701906b65ee53a08f7
65d614adb8ae76928fa17293,,FALSE,65d614adb8ae763c2da17295
65dc42a7022f47665da2296b,42021942000031,TRUE,647d845e8ee1437e4ae19dcc
65d8aed5022f472888948c28,,FALSE,65d8aed5022f47add2948c2a
65d5fd0dc6de7d730dd42090,,FALSE,65d5fd0dc6de7d7e76d42092
65dda7b3022f473ac8ab804f,,FALSE,65dda7b3022f4703daab8051
65dd9234022f473bf0aaf18f,,FALSE,65dd9234022f47eda4aaf191
65e0aba602a6c31b86b06f86,,FALSE,65e0aba602a6c343f2b06f88
65e6c6938a16963099a6c5af,,FALSE,65e6c6938a16967cf9a6c5b1
65e9989cc1cf0c8251755fe3,,FALSE,65e9989cc1cf0c575f755fe5
65f2bb542be86018761212c8,39333773800040,TRUE,6450efe953d5affe488ffa2a
65e6cdc48a16962860a6ea74,,FALSE,65e6cdc48a1696486aa6ea76
65e9bf8804ddd45497d58e75,,FALSE,65e9bf8804ddd43b79d58e77
65e9d34804ddd403efd70684,,FALSE,65e9d34804ddd48068d70687
65e9c909c1cf0c5308778796,90096359600029,TRUE,65c0d6c538c454d90f8c940d
65e8fa24c1cf0c91ce729526,,FALSE,65e8fa24c1cf0c3a2b729528
65eab99a04ddd4d7e9dc58ce,,FALSE,65eab99b04ddd40388dc58db
65ec526ce2e47fdba6253b08,,FALSE,65ec526ce2e47f80cc253b0a
65f213d03555bb6cda3ca4f0,,FALSE,65f213d03555bb0c5e3ca4f2
65f19b135466e3002d56f7d0,42021942000031,TRUE,647d845e8ee1437e4ae19dcc
65f458db35f6c490917c385c,,FALSE,65f458dc35f6c44ebd7c385e
65f4496435f6c4347e7b67aa,,FALSE,65f4496435f6c4d66c7b67ac
65e7072704ddd45ff5c0c6bb,42021942000031,TRUE,647d845e8ee1437e4ae19dcc
65eabd87c1cf0c6cf87df509,42021942000031,TRUE,647d845e8ee1437e4ae19dcc
65f024faa00cef85a8c35af1,,FALSE,65f024faa00cef3676c35af4
65f425b6820e2a35058eee1d,,FALSE,65f425b6820e2acede8eee1f
65f2b09401f3d866447e8836,42021942000031,TRUE,647d845e8ee1437e4ae19dcc
65e5e7f48a16965509a2c9de,,FALSE,65e5e7f48a16964a86a2c9e0
65f1dee6b2dc0946d4a84892,,FALSE,65f1dee6b2dc091447a84897
65eadef1c1cf0cf71c7f2c26,42968925000083,TRUE,63b438070c646ccc50ab37db
65f1c1b25466e3817e5a53e9,,FALSE,65f1c1b25466e3532b5a53eb
65f1c343ea7598ef7ee730de,,FALSE,65f1c348ea75987d45e7315a
65f2cac901f3d88e088066a8,,FALSE,65f2cac901f3d80dcc8066ac
65f427b7820e2a1d1f8efb5f,,FALSE,65f427b7820e2ab8b38efb64
65f46d6847c7860d3ab8cfcd,42021942000031,TRUE,647d845e8ee1437e4ae19dcc
65f868aad043777937fe4ffc,,FALSE,65f868aad043772e29fe4ffe
65f9862b42ab0c9791d49da9,42021942000031,TRUE,647d845e8ee1437e4ae19dcc
65f99f20d043776da005152f,,FALSE,65f99f20d04377141c051531
65fd448ef3f12a1a688f7768,,FALSE,65fd448ef3f12a2ab88f776a
65fd43891654715df83c51a9,,FALSE,65fd4389165471a7873c51ad
65fd658f1654711a8a3db2d4,,FALSE,65fd658f16547150b23db2d7
65fd83f016547189cd3eaffd,,FALSE,65fd83f016547136593eb002
65fd7b35f3f12a848d917dd6,,FALSE,65fd7b35f3f12ad0ee917dd8
65fd6acf165471247e3de2ba,,FALSE,65fd6acf165471c0063de2bd
65fe9fbef3f12a8a959635e9,,FALSE,65fe9fbef3f12a5d0e9635eb
65fd9cac16547132e03fab90,,FALSE,65fd9cac16547130ad3fab93
66012d63f3f12a1e6fa3af52,,FALSE,66012d63f3f12af8d0a3af57
66018d0920ebf87ce521f912,,FALSE,66018d0920ebf823d121f914
66028fda20ebf88168286d08,,FALSE,66028fdb20ebf84f07286d1a
6602edfc1efad47dddc838f3,,FALSE,6602edfc1efad45e5bc838f5
6602ed55d8c6937088948c36,,FALSE,6602ed55d8c6932495948c3c
6603feca2741460b9755f7de,,FALSE,6603fecf274146ae3c55f7f6
660526acbef686b586de1fec,,FALSE,660526acbef6861cd8de1fee
6605a1cabef6868a0de37835,,FALSE,6605a1cabef686c47fe37838
66067b35a2e2a05426b5fd03,,FALSE,66067b35a2e2a04fceb5fd06
6603e0a4d8c69385ff998598,,FALSE,6603e0a4d8c693199499859a
660bfb72c4a214e36bdf6a30,,FALSE,660bfb72c4a21496eedf6a32
660c1d58c4a214edafe22a92,,FALSE,660c1d58c4a2145e4fe22a95
6603d5f91efad49fa6cce83f,,FALSE,6603d5f91efad4298ecce841
6604a572a2e2a04de2aaf3a1,,FALSE,6604a572a2e2a01be7aaf3a3
660d44233a0b8ecd7e33ea27,,FALSE,660d44233a0b8ef2b033ea2d
6605853ca2e2a06618b05695,,FALSE,6605853ca2e2a07f41b05697
660d6d4fc4a214b8f8f757a3,,FALSE,660d6d4fc4a214c00ff757a7
660e53db3a0b8e53194578af,,FALSE,660e53db3a0b8e52e04578b1
660ec0553a0b8effe64a4cae,,FALSE,660ec0553a0b8e74544a4cb0
660d4258c4a214432af31e01,,FALSE,660d4258c4a2146f14f31e03
660e4503c4a214ab8e0458f5,42021942000031,TRUE,647d845e8ee1437e4ae19dcc
660e57823a0b8e35e545a3cf,,FALSE,660e57823a0b8ecd3945a3d1
660d1c2e3a0b8e92c9311455,,FALSE,660d1c2e3a0b8e3a4331145c
660cd75e3a0b8e6ef62e12c5,,FALSE,660cd75e3a0b8e6e732e12c7
660dce4a3a0b8ef95d427f80,,FALSE,660dce4a3a0b8effab427fa9
660f1023786791dd45b9b3f3,,FALSE,660f10237867916472b9b3f5
660e8d6b3a0b8ef955480744,,FALSE,660e8d6b3a0b8e414c480748
660fe2e278679127c3bc32d3,,FALSE,660fe2e3786791583abc32d7
6613e4a9129159a03a50faa4,,FALSE,6613e4a912915918e550faa6
660fc79e786791a557bbb19c,33798443900022,TRUE,660fba9e78679128d3bb6653
660fa7ce1291599b0a4638cc,,FALSE,660fa7ce12915953394638ce
6613b02b7867917246c46fea,,FALSE,6613b02b7867911e81c46fec
660eb99ac4a2146117097d0f,,FALSE,660eb99ac4a2140433097d11
660ede863a0b8e0d364bc25a,,FALSE,660ede863a0b8e75404bc25c
660fa078786791fe17badce5,,FALSE,660fa0787867912b66badce7
661003b4786791d5babcdef8,,FALSE,661003b4786791652cbcdefb
6613ff5f786791a041c668ca,91801318600021,TRUE,65e9dcf404ddd4481ad7d168
66150e481291593c24555366,,FALSE,66150e481291595569555368
6614f5687867916acfc95e0b,,FALSE,6614f56878679129a4c95e0d
66155402786791f7d2cbcbd6,,FALSE,66155402786791e263cbcbdb
661537037867914cabcaf27e,,FALSE,661537037867915eafcaf280
661556df129159d3f85733b3,,FALSE,661556df129159460b5733b5
66152d89129159834055fbee,,FALSE,66152d89129159404255fbf1
661554a912915952c357213d,,FALSE,661554a91291596838572140
66155e97786791444acc2237,,FALSE,66155e97786791506fcc223b
66163fc87867910addd00864,,FALSE,66163fc8786791831fd00866
661567c51291591fe257abbf,,FALSE,661567c51291594a1e57abc1
661573a6786791f1d5cca6ab,,FALSE,661573a67867912346cca6ae
6615861d1291599054585353,,FALSE,6615861d1291593c44585355
6616a4eb12915950665f9a46,,FALSE,6616a4eb129159c9ff5f9a4a
6616a5657867918c3bd45c57,,FALSE,6616a56578679126cdd45c59
6617967f786791854fd85831,,FALSE,6617967f786791ef48d85833
6617b150129159a5986462c4,,FALSE,6617b15012915986856462c6
6617bd607867918299d95f13,,FALSE,6617bd60786791e8fad95f17
6617ca66129159eb6464fe6a,,FALSE,6617ca6712915971f864fe71
6617d800786791470bda0fd5,,FALSE,6617d800786791171cda0fd7
6617edef786791dd9ddab550,,FALSE,6617edf078679181e0dab552
6618082a78679137bddb6a6a,,FALSE,6618082a786791e8bbdb6a6c
6617f3cd7867917fafdae208,,FALSE,6617f3cd786791ded7dae20a
6617eaf7786791d2dcda9c3f,,FALSE,6617eaf7786791836bda9c41
661805921291597c5066ac60,,FALSE,6618059212915910f966ac62
6617fb0b1291596dc1666afd,,FALSE,6617fb0b129159405a666aff
6618011b7867917005db3f80,,FALSE,6618011b7867916c20db3f82
6617fc6212915912876673c9,,FALSE,6617fc62129159ad126673cb
6618e06312915936db691153,81262442700033,TRUE,6618df63129159dc08690c2b
661928407867910eaadfa20c,,FALSE,6619284078679127ccdfa20e
661928d012915909b26afeac,,FALSE,661928d0129159e4216afeaf
66192a2a129159ab166b0b57,,FALSE,66192a2a1291595d866b0b5a
66192bfb12915924ba6b1e15,,FALSE,66192bfb1291590f7a6b1e1b
6619330b12915930716b5fdb,,FALSE,6619330b129159016d6b5fdd
6619306c12915925ee6b45a1,,FALSE,6619306c12915967ed6b45a3
6619290512915917726b00b9,,FALSE,661929061291596ae16b00bc
66192a1e129159a6226b0afc,,FALSE,66192a1e12915930546b0afe
66192ae6786791792edfbb98,,FALSE,66192ae6786791613fdfbb9a
66192b8a12915913236b1984,,FALSE,66192b8a12915907426b1987
66193393786791c4d2e008b1,,FALSE,66193393786791f755e008b3
661932a01291592eb16b5c1d,,FALSE,661932a01291590dda6b5c21
661929fa1291590e786b095d,,FALSE,661929fa12915941b56b095f
66193516129159392c6b6fbc,,FALSE,661935161291598a016b6fbe
661928f5129159541b6b003b,,FALSE,661928f512915981706b003e
6619298e786791fa0adfaf6b,,FALSE,6619298f7867913877dfaf70
66193c6d7867910488e0629d,,FALSE,66193c6d7867916142e0629f
6619450d786791be65e0ae89,,FALSE,6619450d786791dcc5e0ae8b
661941271291595c4b6bea26,,FALSE,66194127129159bc676bea28
66194409129159501f6c00f5,,FALSE,66194409129159034f6c00f7
6619413178679152fae08f35,,FALSE,66194131786791f7cce08f37
661983a912915917c46d4c26,,FALSE,661983a912915968386d4c28
661952bd7867918a43e10256,,FALSE,661952bd786791d1f5e10258
6619534e7867913dfbe104a1,,FALSE,6619534e7867910ad6e104a3
66199a637867913434e23ae9,,FALSE,66199a637867914dade23aeb
6619681812915988356ccda7,,FALSE,6619681912915918ea6ccda9
66199a747867910da2e23b13,,FALSE,66199a7478679149a3e23b15
661a25c8129159d9076ec08b,,FALSE,661a25c8129159553e6ec08d
661a312e129159bc336ed9f9,,FALSE,661a312e129159b0f86ed9fb
661a4f9c7867917a3ae3dc11,,FALSE,661a4f9c7867914095e3dc13
661a45cd7867917fe6e3b94b,,FALSE,661a45cd7867919b67e3b94d
661a27117867910c26e36656,,FALSE,661a2711786791c8d4e36658
661c34887867915e5feb00a4,,FALSE,661c3489786791a5a2eb00a7
661c3d107867915ed9eb32e0,,FALSE,661c3d107867911b67eb32e2
661cd06b786791472bed61ce,,FALSE,661cd06b786791e410ed61d0
661cccff129159697278a388,,FALSE,661cccff1291590a4978a38a
661bf5641291594d8a74cbd5,,FALSE,661bf5641291592d0574cbd7
661ce3031291590b1579408a,,FALSE,661ce303129159689079408c
661d299012915972617bbc9f,,FALSE,661d2990129159ab2d7bbca1
661d191e786791f893efc2e0,,FALSE,661d191e786791c00aefc2e2
661d1ac378679168afefd1bd,,FALSE,661d1ac37867914f4eefd1c0
661cf88812915996bf7a13c2,,FALSE,661cf8881291590c067a13c6
661d43bf78679173caf148c2,,FALSE,661d43bf7867915f1df148c4
661e25f37867914795f5cc50,42021942000031,TRUE,647d845e8ee1437e4ae19dcc
661e2ce0786791a4c3f60110,,FALSE,661e2ce178679158b9f60112
661e2cfa12915961e2815e39,,FALSE,661e2cfa129159456f815e3b
661e765978679112d1f84a15,,FALSE,661e76597867910f5af84a17
661e7e137867914d97f8897f,,FALSE,661e7e13786791c889f88994
661ce0f4786791152bedd84b,,FALSE,661ce0f4786791b60dedd84d
661f79cd129159cc0f8933cd,,FALSE,661f79cd1291599cff8933cf
661f832d786791d6d3fe2c07,42021942000031,TRUE,647d845e8ee1437e4ae19dcc
661e5cb2786791eba6f77f73,,FALSE,661e5cb27867912494f77f75
661d452b78679105faf152ff,,FALSE,661d452b786791581df15301
661d196a129159704c7b2391,,FALSE,661d196b129159cfeb7b2393
661d4e857867915216f1a406,,FALSE,661d4e85786791948ff1a40a
661e3a74129159cf0181c775,,FALSE,661e3a74129159e9b681c777
661e544f129159de90829f2c,,FALSE,661e544f1291595383829f2e
661d1a98786791d38eefd042,,FALSE,661d1a987867916468efd044
661d3fa8786791e80ff12a16,,FALSE,661d3fa878679109ecf12a18
661d4bc07867910480f18b67,,FALSE,661d4bc0786791db9af18b69
661e7231129159ab01838305,,FALSE,661e723112915950f6838307
661e2ac77867914d6af5f135,,FALSE,661e2ac7786791accaf5f137
661e7ab5786791496df870a8,,FALSE,661e7ab57867914ac3f870aa
661d24641291595cb87b8a56,,FALSE,661d24641291595fdf7b8a58
661e54d57867912c24f74c3d,,FALSE,661e54d5786791326df74c3f
6620e7433b31887b896bf23f,,FALSE,6620e7433b31883b9d6bf241
6620e8343b318889876bfc90,,FALSE,6620e8343b31884b516bfc92
661fd85512915971688c7d8c,,FALSE,661fd8561291596bf78c7d8e
661fea151291598f4c8d0be3,,FALSE,661fea15129159cb548d0be5
6621142958fbb58e27cefd8f,,FALSE,6621142958fbb58b7bcefd91
66228aa667608812500d9276,,FALSE,66228aa6676088dc7e0d9278
661fd268786791fef6010486,,FALSE,661fd2687867911740010489
6620d6f23b318845a66b2b7e,,FALSE,6620d6f23b318874646b2b80
6620ea9d3b3188d5226c16b3,,FALSE,6620ea9d3b31883c0b6c16b5
66211a3958fbb52553cf4033,,FALSE,66211a3958fbb54f6dcf4035
6621541a676088638207b55e,,FALSE,6621541b67608807c407b568
66227bcb6760883b810d3c52,,FALSE,66227bcb67608852b00d3c54
6621195c58fbb517cccf3783,,FALSE,6621195c58fbb54356cf3786
662614fd67608800971af5e2,,FALSE,662614fd6760883a031af5e4
66262b746760885b8e1ba547,,FALSE,66262b746760884a8e1ba54b
6622286f67608884e70b48c8,,FALSE,6622286f676088215e0b48ca
6625faf32fcbea65aaf481a6,,FALSE,6625faf32fcbea4f6af481a8
662620b7676088fe031b5053,,FALSE,662620b8676088a63d1b5055
661f96907867918493fede4a,,FALSE,661f96907867916873fede4c
661fbe53129159817e8b891b,91389498600029,TRUE,65cca35f42160185be9cb346
6620ee8b58fbb59573cdb249,,FALSE,6620ee8b58fbb53ea9cdb24c
6620cde83b318884586ab762,,FALSE,6620cde83b3188827a6ab764
6620ceae3b3188b6676abc9a,51116872600046,TRUE,65fae1c34cfbd90b0bcbf506
6620f5b13b31882e606c86c6,,FALSE,6620f5b13b318826286c86c9
6621661f2fcbea2061e24283,,FALSE,6621661f2fcbeae5fbe24285
662116ea58fbb56dbfcf1c7e,,FALSE,662116ea58fbb56236cf1c80
66216ec66760888f3a08499b,,FALSE,66216ec6676088488c08499d
662630652fcbea7de1f5e682,,FALSE,662630652fcbea5f4af5e684
66265ce967608846521d2d2b,,FALSE,66265ce967608825b11d2d2d
6626669867608844ac1d8557,,FALSE,662666986760888ef51d8559
662665a267608853b41d7b00,,FALSE,662665a26760885a751d7b02
66266adb676088c5e71dabd6,,FALSE,66266adb676088412e1dabd8
662654b72fcbeac805f6f557,,FALSE,662654b72fcbea2da9f6f559
66279e3b17652a10d12cda65,90828342700023,TRUE,65f0212da00cef4bc1c314fa
6628a3ea8d1589dfa5622886,,FALSE,6628a3ea8d1589170b622888
6627c6709d950ae320ac0886,,FALSE,6627c6709d950a6c07ac0888
6628ff4f41e5694796ac3059,,FALSE,6628ff5041e5697726ac3063
662a2102e2f0b8803c32c43f,,FALSE,662a2102e2f0b8e70e32c441
662a064e41e5693b54b27675,,FALSE,662a064e41e56903e5b27677
662a71b0d3150d21362037a3,,FALSE,662a71b1d3150d24902037a5
6628f3988d1589c8936497d3,,FALSE,6628f3988d1589810d6497d5
6628d7418d15895d4063c843,,FALSE,6628d7418d1589c53863c846
6628f6638d1589146864aee4,,FALSE,6628f6638d1589755664aee6
662a648ed3150d0e091fcc49,,FALSE,662a648ed3150d28791fcc4c
662ad284e2f0b85cd237dc2b,,FALSE,662ad284e2f0b87b1437dc2d
6628cee68d15897b2a638010,,FALSE,6628cee68d15890af2638012
662b76d9d3150d0a22247902,,FALSE,662b76d9d3150d5e26247904
662b7217e2f0b8e33b398d12,,FALSE,662b7217e2f0b8cdfd398d16
662f6be8e2f0b81db24911b9,,FALSE,662f6be8e2f0b871e74911bb
662fa434d3150d10d435910f,,FALSE,662fa434d3150dac12359113
66309c1ad3150db2ea39209e,,FALSE,66309c1ad3150d04983920a0
6633a3a8e2f0b81a485cd618,,FALSE,6633a3a8e2f0b800065cd61a
66361fd1e2f0b833fd698766,,FALSE,66361fd1e2f0b8d129698768
66361ffae2f0b82fca698869,,FALSE,66361ffbe2f0b88ca869886b
662f7b51e2f0b84652497121,,FALSE,662f7b51e2f0b81e65497123
662fb294e2f0b8ee424b33df,,FALSE,662fb294e2f0b80c224b33e1
662f9583d3150d54f9351937,,FALSE,662f9584d3150d5c3e351939
66388045e2f0b8af1a72562a,,FALSE,66388045e2f0b839f072562c
6633fa1ce2f0b86e395f2ef5,,FALSE,6633fa1ce2f0b8ba655f2ef7
662fb786e2f0b86e1a4b5c44,,FALSE,662fb786e2f0b85cc14b5c46
663395d1e2f0b8208a5c2a4d,,FALSE,663395d1e2f0b81a985c2a4f
662fac96e2f0b8d21e4b00c4,,FALSE,662fac96e2f0b8407f4b00c6
6630ed5fe2f0b85fa4501c6e,,FALSE,6630ed5fe2f0b86533501c70
662fabc1e2f0b82e6a4af75a,,FALSE,662fabc1e2f0b8a4564af75c
6632c644d3150da91342b5dc,,FALSE,6632c644d3150d74fc42b5de
6633854de2f0b89d085b9606,84265306500016,TRUE,632b121ae8c4020056839b57
6638cd0b82f771f45f072f38,,FALSE,6638cd0b82f7716dfb072f32
6634f3ded3150d5a2b4f35c1,,FALSE,6634f3ded3150d6ff44f35c3
6638d040d021a0770d689763,,FALSE,6638d040d021a0089068975c
6638ff9a1d0c406a44d07618,,FALSE,6638ff991d0c4067aed07612
6638bbe9d021a030d0676a3d,,FALSE,6638bbe8d021a04d5b676a37
66366a29d3150da133558e44,32922456200598,TRUE,6450f99553d5af2db0901a29
662fa110d3150d766b357836,,FALSE,662fa110d3150de108357838
663906b075ad675bdb119fac,,FALSE,6639015475ad67d411118632
6639d15475ad6738e2145979,,FALSE,6639d15475ad67fde4145973
663a33f765028626826b3e9f,,FALSE,663a33f665028625d26b3e95
663a387f65028653e76b5fff,,FALSE,663a387f650286dc076b5ff5
663e281910a138ef0b2c5ac6,,FALSE,663e281910a13892812c5abd
6641c83ff0b87c941e3e0651,,FALSE,6641c83ff0b87cfa923e0648
664319a1245fc26d2c55469f,,FALSE,664319a1245fc25ea2554698
66435095245fc250d15709c3,,FALSE,6643507d245fc2313b5708c2
66423f6d3a572e23aebf7edd,,FALSE,66423f6d3a572e413bbf7ed2
66433a553a572e69e4c3f365,,FALSE,66433a553a572ed00bc3f35e
66437309245fc2273b58707e,,FALSE,66437309245fc281fd587077
66449c817c3291212b493d6c,,FALSE,66449c817c32913469493d63
66438a46245fc2088059296b,,FALSE,66438a46245fc2ca60592962
664483baf033ef3ab59940f7,,FALSE,664483baf033ef48709940ed
6644d4e4ebe240cc344a39a0,,FALSE,6644d4e4ebe24079624a3995
6645b016ebe24022554d67a1,,FALSE,6645b016ebe240071b4d6798
6645ceb12a3ff54131c02338,,FALSE,6645ceb12a3ff5866bc0232f
6644bfb21a30f88287b2926b,,FALSE,6644bfb21a30f82e71b29262
66472b892a3ff53448c915f5,30540504502310,TRUE,639b21fc104860e8ea1b569d
66461985ebe240418d51385c,,FALSE,66461985ebe2402dea513852
66464b1f2a3ff53e7fc448e0,,FALSE,66464b1f2a3ff5c8c4c448d3
66471771ebe2403be956c843,,FALSE,66471771ebe240822756c83a
66475ee42a3ff51e24cadac4,,FALSE,66475ee42a3ff55e6fcadabb
664897feebe24086fa5e2453,,FALSE,664897feebe24068325e244c
664c6c462a3ff588c6dea913,,FALSE,664c6c442a3ff5a8a9dea8ee
664b79542a3ff5520ada2684,,FALSE,664b79542a3ff512c3da267b
664762b0ebe24002cd595fe2,85005490900013,TRUE,636527e05d6e37002817705c
6647643aebe24056bd596f56,85005490900013,TRUE,636527e05d6e37002817705c
664b10cdebe24021f566368f,,FALSE,664b10cdebe2400ceb663685
664861c12a3ff57ac7cec3c7,,FALSE,664861c02a3ff58e0acec3be
664e1125e812d8085b76427e,,FALSE,664e1125e812d8568a764274
664e527ee812d82c2f77da1e,,FALSE,664e527ee812d8812777da13
664ddccbe812d8a71d74a376,,FALSE,664ddccae812d805ae74a36d
664cac912a3ff5601fe1331c,,FALSE,664cac912a3ff5216fe1330f
664ef502e812d85f8e79bb69,30107533900061,TRUE,65e18f7a02a6c38a28b45f70
664eefd181faa6c5292e670e,,FALSE,664eefd181faa67bff2e6705
664f0efde812d81e577ae3ca,,FALSE,664f0efde812d8c5167ae3c1
664f2e6c81faa6389a319e2c,,FALSE,664f2e6c81faa6158f319e19
66506515e812d86c14864df3,,FALSE,66506515e812d8c0b9864dea
6650b80be812d8b07388b691,,FALSE,6650b80be812d8586e88b687
66543d1fe812d807df95089f,13002979600260,TRUE,64992e3019ea89ae5e4d8b8b
664f90aa81faa6752836635e,,FALSE,664f90aa81faa64416366357
66509786e812d8d15487b831,,FALSE,66509786e812d829a187b828
665637d48656e74cb55ffe1b,,FALSE,665637d48656e76d085ffe12
66580e4e7c671cf5a9815d81,91147552300013,TRUE,6658080e2cbb9c5d2ccb40a4
6656e71e2cbb9cc1cfc3a11f,,FALSE,6656e71e2cbb9cb5a0c3a116
665727ee7c671c343f7bdfa9,,FALSE,665727ee7c671c0b317bdfa0
665f1a5111589ea28a03df11,,FALSE,665f1a5111589e2b8e03df08
6658251a2cbb9c2628cb8aa8,,FALSE,665825192cbb9c8f54cb8a9f
665997143a6726a62fb5288e,,FALSE,665997143a6726ee13b52881
6659ad4136f43c00bf92401f,,FALSE,6659ad4136f43ce1a192400e
6659cc9d36f43c062393e98e,33008478100054,TRUE,63fc8dd5dc149efe7577b087
6659e69436f43c921795266a,,FALSE,6659e69436f43ce46995265f
665ac21b3a67263483bef317,89439889000018,TRUE,632d35f4e8c402005683e3c2
66604702e3fe5b0d7c6781d5,,FALSE,66604702e3fe5b1d556781cc
665f13bf11589e123c038827,,FALSE,665f13bf11589e7fd303881e
665f3024e3fe5b5bca618c87,78835426400095,TRUE,61d564cd06838c0028b6118c
6660581de3fe5bffb3680c67,,FALSE,6660581de3fe5b14d2680c5e
666174cc11589e4e26165ee9,,FALSE,666174cc11589e7c2b165ee2
6655d31d8630de1a70f9943e,,FALSE,6655d31d8630de4458f99435
665734087c671c29d97c661c,,FALSE,665734087c671c7dda7c6613
66574be92cbb9c6155c7259b,48336413900020,TRUE,655b8a1c5c7d4af916f49337
665761462cbb9c70f6c7aa33,,FALSE,665761462cbb9ce0d1c7aa29
6654874f0ded632fc4d16785,,FALSE,6654874f0ded637e38d1677c
665593833035e611889ae9eb,,FALSE,665593833035e637139ae9e2
6655cb628630dee7a4f956a3,47997828000069,TRUE,6452597e54a5082c141cfbe3
6655d3cd5ac7947468b8476f,,FALSE,6655d3cd5ac7947f37b84768
6657218d7c671c10b67b9a7c,30540504502641,TRUE,63bd789966193e61ef1e8605
6660490e11589e49de0b277b,,FALSE,6660490e11589e7af10b2772
66606ca9e3fe5b011e68cfcc,,FALSE,66606ca9e3fe5b9a3668cfc5
6660b97311589ec1e40e4e9a,,FALSE,6660b97211589eb3350e4e91
6660dd5a11589ef14910ecb1,,FALSE,6660dd5a11589efb2010eca2
6662a1c211589eb59b1d785d,,FALSE,6662a1c211589ee3611d7853
6658477394499f12544d77f1,,FALSE,6658477394499ff0a04d77e8
665859a46ca75a7f7935896c,,FALSE,665859a46ca75abd09358963
6658759594499f8e4d4eb993,13001313900014,TRUE,6658731f6ca75a46453626cc
6659695d3a6726e32ab33912,,FALSE,6659695d3a672645d7b3390b
665edb803a67264cf4d1e43f,84051424400044,TRUE,655c8d68ed61f02e3fd9c7e9
66604a3611589ef3370b2fca,,FALSE,66604a3611589e34d30b2fc3
6661b7fee3fe5b9baa749cc7,,FALSE,6661b7fee3fe5b7605749cbe
6663046e11589e8bb2204470,,FALSE,6663046e11589ee280204466
6663104311589e261320a9b8,,FALSE,6663104311589e4cd720a9af
66654bb6e3fe5b06b788ad9f,,FALSE,66654bb6e3fe5b60dc88ad96
6666161be3fe5b7b938c47ed,,FALSE,6666161be3fe5b61828c47e4
66630f56e3fe5b58ed7ccd9e,,FALSE,66630f56e3fe5b9a907ccd94
6666b6fe5d1a347e9bb3cb05,,FALSE,6666b6fe5d1a345b73b3cafa
6667149e6d52b52b3240bddc,,FALSE,6667149d6d52b500c540bdd1
666845596d52b53f664b0815,,FALSE,666845596d52b54df14b07ff
666854205d1a349e5ac44be4,,FALSE,6668541f5d1a348217c44bd3
666857ca5d1a3440acc4926d,,FALSE,666857c95d1a34ecd1c4925c
666863d36d52b5894e4e3520,,FALSE,666863d36d52b581f04e3515
666939706d52b5777c560014,,FALSE,6669396e6d52b5f56e56000a
6669881f5d1a344582d18c1a,79842122800015,TRUE,666986095d1a34cc64d17097
666997f4feca554d8fdce96f,,FALSE,666997f4feca55df32dce962
66686fd75d1a341d41c7dd85,,FALSE,66686fd75d1a3474edc7dd7c
66687d005d1a34c397c8be76,,FALSE,66687d005d1a347e98c8be37
6669cbb7feca556fa3df6a6c,,FALSE,6669cbb6feca55057cdf6a5c
666aaa8ffb1e4a5dde56552d,,FALSE,666aaa8efb1e4a8600565520
666ae756feca55796de78c77,,FALSE,666ae752feca55dd2be78c5f
666988bb5d1a345f75d1939c,79842122800015,TRUE,666986095d1a34cc64d17097
6669b9acfb1e4a5d524fb130,,FALSE,6669b9a8fb1e4a661e4fb119
666aaf41fb1e4ab21e567c04,,FALSE,666aaf41fb1e4a5037567bf5
666ae88cfeca55114ee7996b,,FALSE,666ae88cfeca55539ae79960
666bf515feca5599d0ed079c,,FALSE,666bf515feca55781fed0791
6669214c6d52b5112555a292,,FALSE,6669214b6d52b5250255a287
6669373b6d52b5485d55f257,82911867800020,TRUE,66691dfb6d52b55cc15599e4
666961345d1a3421bfcfb895,,FALSE,666961345d1a346183cfb889
66700dc9feca554e03fcc576,47997828000069,TRUE,6452597e54a5082c141cfbe3
666c3e54fb1e4a32e66050b1,,FALSE,666c3e54fb1e4a82786050a3
666ff9c0fb1e4a814d6d07d7,,FALSE,666ff9c0fb1e4a374f6d07ca
666febe1fb1e4a7c386c3ba1,,FALSE,666febe1fb1e4a31386c3b96
666c3eb5fb1e4a0707605445,,FALSE,666c3eb5fb1e4a00df605438
666c7be0feca551cc5f0c679,,FALSE,666c7be0feca552a08f0c66e
666d59c1fb1e4a66f8643dba,,FALSE,666d59c0fb1e4a0574643db0
666fdf98fb1e4aea7f6b7be7,,FALSE,666fdf98fb1e4abfa36b7bd6
66700ba9fb1e4a3d826e1582,47997828000069,TRUE,6452597e54a5082c141cfbe3
66701f75fb1e4a12326e9afd,,FALSE,66701f74fb1e4a6d116e9af0
66715e60fb1e4a2aed76b4d6,,FALSE,66715e5ffb1e4a2d8276b4cc
66714a16feca55149b049cc6,,FALSE,664e18d081faa6fefc2b61e5
66729cbdfeca5570010a8cb3,,FALSE,66729cbcfeca5571b90a8ca3
6672a143feca5599320ab210,31705055700014,TRUE,6481c949ae089e48a77e4788
66741d4a08832b235a98e7d3,,FALSE,66741d4908832b741698e7bf
66727eacfeca55431009c915,30540504502328,TRUE,63b59ed70c646cc577ab3d0a
6672bf89feca552e6b0b4eaf,,FALSE,6672bf88feca5530770b4ea4
6673faaf9af37a3930f86edf,,FALSE,6673faaf9af37a0620f86ed4
66753bab08832b1fa39dcd70,33008478100054,TRUE,63fc8dd5dc149efe7577b087
667576b1bbb41f853c216d78,75214836100021,TRUE,666952005d1a34a8e4cef8de
66749d82b6fc6423113f50dd,,FALSE,66749d82b6fc64f61c3f50cf
66782e5abbb41f679f2b8bc7,,FALSE,66782e55bbb41f88ba2b8bba
66795df2bbb41fa8842fe05a,,FALSE,66795df1bbb41f04eb2fe04f
6679673fbbb41f543e302933,,FALSE,6679673fbbb41f6971302928
66798063a5afea690543da6e,,FALSE,66798063a5afea66bc43da63
667ac8a5a5afea38444bc42f,,FALSE,667ac8a5a5afeabd884bc41e
667ae2f5bbb41fd8f339fb5d,,FALSE,667ae2f2bbb41f1b4639fb44
667bed7fbbb41fbe154081bd,,FALSE,667bed7ebbb41f65d84081b2
667e902cbbb41ff7ee55788c,,FALSE,667e902cbbb41fe736557884
66817d89bfb1dba1437a6bd4,,FALSE,66817d85bfb1dba1437a6bd2
6683a8c89399198bc4148861,,FALSE,6683a8c89399198bc414885f
6683eab037eaf308cb5c862f,,FALSE,6683eaab37eaf308cb5c862d
6683f43237eaf308cb5c8722,42030962700115,TRUE,6516ba1698a1b916cc25d606
66850e043d22f00d99c2ddff,,FALSE,66850e043d22f00d99c2ddfd
668513bf3d22f00d99c2ded4,,FALSE,668513bc3d22f00d99c2ded2
6685182b3d22f00d99c2df70,,FALSE,668518263d22f00d99c2df6e
66853d9e3d22f00d99c2e348,13002948100012,TRUE,629f65381e18080027efcbb8
668547433d22f00d99c2e463,,FALSE,668547403d22f00d99c2e461
6685716bb5d14b4f301669e1,,FALSE,66857168b5d14b4f301669de
668682214132f1193ec99141,,FALSE,668682214132f1193ec9913f
6687d7ca08c6556b8ba17922,,FALSE,6687d7ca08c6556b8ba17920
6687ef3953a621bbd883afee,,FALSE,6687ef3953a621bbd883afec
6687f05fff103aa20e5aa7f0,48201278800014,TRUE,64522d5b54a5083d601ad8a8
66894d005389a39d741368fa,,FALSE,66894d005389a39d741368f8
668be2e1822d889c956a9291,92400973100010,TRUE,668bdfde822d889c956a922f
668beb9d822d889c956a94b2,,FALSE,668beb9a822d889c956a94b0
668c14d4c9186a6f769ae5de,,FALSE,668c14d1c9186a6f769ae5dc
668c15352299ad1187f52231,,FALSE,668c15322299ad1187f5222f
668c3d6c2299ad1187f52534,,FALSE,668c3d682299ad1187f52531
668ce4a1c9186a6f769af1f8,75214836100021,TRUE,666952005d1a34a8e4cef8de
668cf30f2299ad1187f5303e,75214836100021,TRUE,666952005d1a34a8e4cef8de
668d1376c9186a6f769af89f,,FALSE,668d1376c9186a6f769af89d
668d36d4c9186a6f769aff52,,FALSE,668d36d3c9186a6f769aff50
668d45ea2299ad1187f53e69,,FALSE,668d45ea2299ad1187f53e67
668d534f2299ad1187f5402f,75214836100021,TRUE,666952005d1a34a8e4cef8de
668d6e8b2299ad1187f542ce,,FALSE,668d6e8b2299ad1187f542cc
668e63d32151fa1735db71f0,49098556100011,TRUE,61f128e35082a80028cd574d
668ea2eef5fc5b265885ffc1,,FALSE,668ea2eef5fc5b265885ffbf
668ec84cf5fc5b26588602f4,,FALSE,668ec84cf5fc5b26588602f2
668f965dc52a109afe7a1012,,FALSE,668f965dc52a109afe7a1010
668f9ed4c52a109afe7a1103,,FALSE,668f9ed4c52a109afe7a1101
668fb7f96071ac682c142547,,FALSE,668fb7f46071ac682c142545
668fda6b6071ac682c142a2f,,FALSE,668fda6b6071ac682c142a2d
668fdb346071ac682c142a83,,FALSE,668fdb346071ac682c142a81
668fdc066071ac682c142ab4,,FALSE,668fdc066071ac682c142ab2
669004f0216916d70aa31d0a,,FALSE,669004ed216916d70aa31d08
66911542e5402fcd7d0c000b,,FALSE,66911541e5402fcd7d0c0009
66914dc1e5402fcd7d0c0666,,FALSE,66914dc1e5402fcd7d0c0664
6694d920e5402fcd7d0c310c,,FALSE,6694d920e5402fcd7d0c310a
6694e4b33b8f123cf43b58b5,31172039500020,TRUE,668fe1cd216916d70aa318fe
669550a4e5402fcd7d0c40d1,,FALSE,6695509fe5402fcd7d0c40cf
66964195e5402fcd7d0c4bce,,FALSE,66964190e5402fcd7d0c4bcb
669669713b8f123cf43b849c,,FALSE,669669713b8f123cf43b849a
6696b6f60e2b414904f3ab31,,FALSE,6696b6f10e2b414904f3ab2f
6696b8230e2b414904f3ab4e,,FALSE,6696b81e0e2b414904f3ab4c
6697b2600e2b414904f3c1a0,,FALSE,6697b2600e2b414904f3c19e
6698bc3d0e2b414904f3d8c2,48201278800014,TRUE,64522d5b54a5083d601ad8a8
6698d16e549f245781b4b4cb,,FALSE,6698d16e549f245781b4b4c9
66990a0e0e2b414904f3e441,,FALSE,66990a0e0e2b414904f3e43f
66993156549f245781b4bf69,,FALSE,66993152549f245781b4bf67
6699d1390e2b414904f3f4cf,,FALSE,6699d1340e2b414904f3f4cd
669a2a500e2b414904f3f9f0,,FALSE,669a2a500e2b414904f3f9ee
669a3939549f245781b4c9f6,,FALSE,669a39060e2b414904f3fd29
669f8966f4f232e1f5980bdd,,FALSE,669f8960f4f232e1f5980bda
669f8c17c69f9f3c2e33c154,,FALSE,669f8c15c69f9f3c2e33c152
669fb9d0c69f9f3c2e33c914,,FALSE,669fb9cdc69f9f3c2e33c912
66a0c89a4d678da69d278a60,,FALSE,66a0c8974d678da69d278a5d
66a0ca54b11ac0a8f81dc0b2,,FALSE,66a0ca51b11ac0a8f81dc0af
66a1ec6ea9ad8f914ef7feba,,FALSE,66a1ec6aa9ad8f914ef7feb8
66a229ad7b4485c4de14810f,,FALSE,66a229aa7b4485c4de14810d
66a22b64ae0279002e22d84b,,FALSE,66a22b5fae0279002e22d849
66a26c1e7b4485c4de148876,,FALSE,66a26c1e7b4485c4de148874
66a29818ae0279002e22e274,,FALSE,66a29818ae0279002e22e272
66a377427b4485c4de149576,,FALSE,669e15eed0ac93ac8ddaac0d
66a38b0cae0279002e22ee7e,,FALSE,66a38b09ae0279002e22ee7c
66a7c4164fef3a69f35142b1,33008478100054,TRUE,63fc8dd5dc149efe7577b087
66a90bed11e7d04b91f5e0ad,,FALSE,66a90bea11e7d04b91f5e0ab
66aa2be40ca0811c702830b9,,FALSE,66aa2be40ca0811c702830b7
66ab78da42acaf73af047558,,FALSE,66ab78d642acaf73af047556
66ab881942acaf73af047749,,FALSE,66ab881642acaf73af047744
66ab97eb0ca0811c7028482c,,FALSE,66ab97eb0ca0811c7028482a
66b0d7dd0ca0811c70288e85,,FALSE,66b0d7da0ca0811c70288e83
66b1e30b0ca0811c70289b47,,FALSE,66b1e30b0ca0811c70289b45
66b30b9f0ca0811c7028aea1,,FALSE,66b30b9c0ca0811c7028ae9f
66b4d7a42843defbb014a7a9,,FALSE,66b4d7a42843defbb014a7a7
66b72d1f0a475b81b82cb627,,FALSE,66b72d1f0a475b81b82cb625
66b9f6df0a475b81b82cd48a,,FALSE,66b9f6dc0a475b81b82cd486
66ba1d7b0a475b81b82cd89f,,FALSE,66ba1d770a475b81b82cd89c
66ba35ec0a475b81b82cdaad,,FALSE,66ba35ec0a475b81b82cdaab
66bc519e2843defbb01502c0,,FALSE,66bc519b2843defbb01502be
66be132d624f68a733499731,,FALSE,66be132c624f68a73349972f
66bf1f13624f68a73349a1d0,,FALSE,66bf1f13624f68a73349a1ce
66bf2d55624f68a73349a293,,FALSE,66bf2d55624f68a73349a291
66bfcd436ba94f922df69b87,,FALSE,66bfcd436ba94f922df69b85
66c32a326ba94f922df6c390,,FALSE,66c32a2d6ba94f922df6c38e
66c45480624f68a73349e40a,,FALSE,66c45480624f68a73349e408
66c8407b624f68a7334a2714,,FALSE,66c8407b624f68a7334a2712
66c86afc6ba94f922df71bcb,,FALSE,66c86afb6ba94f922df71bc9
66cb22ff624f68a7334a4705,,FALSE,66cb22fe624f68a7334a4703
66cc49996ba94f922df745d0,,FALSE,66cc49996ba94f922df745ce
66cc50d4624f68a7334a56c5,,FALSE,66cc50d3624f68a7334a56c3
66cc8a22624f68a7334a5e55,,FALSE,66cc8a22624f68a7334a5e53
66cd8d18baf516ceba752fcd,,FALSE,66cd8d18baf516ceba752fcb
66cf3d021800103664b94996,,FALSE,66cf3d021800103664b94994
66cffd481800103664b953c6,85265339300011,TRUE,6501834f5e0d3e3202a81a74
66d177e4c287a80285f08222,,FALSE,66d177e4c287a80285f08220
66d18c26625f0ac6b7e427e1,,FALSE,66d18c26625f0ac6b7e427df
66d1b43dc287a80285f087f4,,FALSE,66d1afc4625f0ac6b7e42b78
66d1ba68c287a80285f08881,,FALSE,66d1ba68c287a80285f0887f
66d477844861fb87916f628c,,FALSE,66d477834861fb87916f628a
66d57e05aabcc240a9909d74,,FALSE,66d57e05aabcc240a9909d72
66d6bceeaabcc240a990ba99,90096359600029,TRUE,65c0d6c538c454d90f8c940d
66d6ce72aabcc240a990bcba,,FALSE,66d6ce72aabcc240a990bcb8
66d70b0c4861fb87916f98ef,,FALSE,66d70b0b4861fb87916f98ed
66d75f38aabcc240a990ce88,,FALSE,66d75f38aabcc240a990ce86
66d9a0faaabcc240a990fe49,,FALSE,66d9a0f9aabcc240a990fe47
66daaa33aabcc240a9910eca,,FALSE,66daaa32aabcc240a9910ec8
66dad0364861fb87916fe56e,,FALSE,66dad0354861fb87916fe56c
66dec48c4861fb8791701824,,FALSE,66dec48c4861fb8791701822
66e081f7aabcc240a9916eb7,,FALSE,66e081f6aabcc240a9916eb5
66e13d91aabcc240a99177c7,84186292300023,TRUE,66e136a84861fb87917049db
66e172554861fb87917052c0,,FALSE,66e172544861fb87917052be
66e303954861fb87917075d3,,FALSE,66e303944861fb87917075d1
66e4214caabcc240a991b44f,,FALSE,66e4214caabcc240a991b44d
66e42b384861fb8791708824,91285699400013,TRUE,66e42aeaaabcc240a991b540
66e44f97aabcc240a991b946,41330478300033,TRUE,62063a0f4e81140028a1acb2
66e54e234861fb8791709594,,FALSE,66e54e224861fb8791709592
66e7efdf1133a6a4bdf692f3,,FALSE,66e7efdf1133a6a4bdf692f1
66e7ff3c558beaba43a8fcb6,,FALSE,66e7ff3c558beaba43a8fcb4
66e91e792ebb75a8d0435690,84076431000016,TRUE,62ecb5e92b3aac00287387f2
66e9443b2ebb75a8d0435a31,,FALSE,66e9443b2ebb75a8d0435a2f
66ea83b42ebb75a8d0437074,,FALSE,66ea83b32ebb75a8d0437072
66ea9b562ebb75a8d0437352,,FALSE,66ea9b552ebb75a8d0437350
66eb05d48ee650433fb1c183,,FALSE,66eb05d38ee650433fb1c181
66eb16342ebb75a8d0438282,,FALSE,66eb16332ebb75a8d0438280
66ebf5c72ebb75a8d0438f44,,FALSE,66ebf5c72ebb75a8d0438f42
66ec213e8ee650433fb1d4b0,,FALSE,66ec213d8ee650433fb1d4ae
66ed2ecd2ebb75a8d043a206,38290861400045,TRUE,66ed23d42ebb75a8d043a182
66ed307d2ebb75a8d043a22a,,FALSE,66ed307d2ebb75a8d043a228
66f117578ee650433fb20b9e,,FALSE,66f117578ee650433fb20b9c
66f26d5f8ee650433fb22443,,FALSE,66f26d5e8ee650433fb22440
66f2889a8ee650433fb227af,,FALSE,66f288998ee650433fb227ac
66f2a2192ebb75a8d043e91a,,FALSE,66f2a2182ebb75a8d043e918
66f2b7992ebb75a8d043eb27,,FALSE,66f2b7992ebb75a8d043eb25
66f2c0712ebb75a8d043ecaa,,FALSE,66f2c0712ebb75a8d043eca8
66f398fc2ebb75a8d043f6cf,,FALSE,66f398fc2ebb75a8d043f6cd
66f3ca3f8ee650433fb23b04,,FALSE,66f3ca3f8ee650433fb23b02
66f3cf2ebb33145e34324add,,FALSE,66f3cf2ebb33145e34324adb
66f45aede959cf71a2af4a5b,,FALSE,66f45aede959cf71a2af4a59
66f6bab4bb33145e34327abf,32434542000040,TRUE,61e542b4cc6f740028f87352
66f955b3e959cf71a2af8107,,FALSE,66f955b3e959cf71a2af8105
66fcf472d100926e6b37dcf2,,FALSE,66fcf472d100926e6b37dcf0
66fd83c6136e29546deb27c2,,FALSE,66fd83c5136e29546deb27c0
66ffb285d100926e6b38037a,,FALSE,66ffb284d100926e6b380378
66ffcaf8136e29546deb43ee,87772950900019,TRUE,637fa1b0c0239b0028e88e6d
67011df5136e29546deb4fad,,FALSE,67011df4136e29546deb4fab
6703eb2c4d7ccfa9a5bbc42d,,FALSE,6703eb2c4d7ccfa9a5bbc42b
670503e3e50615571a07f83b,,FALSE,670503e3e50615571a07f839
670693a14d7ccfa9a5bbeb9a,,FALSE,670693a04d7ccfa9a5bbeb97
67069af1e50615571a08117a,,FALSE,67069af1e50615571a081178
670789234d7ccfa9a5bbf5c9,,FALSE,670789224d7ccfa9a5bbf5c7
67093f9d4d7ccfa9a5bc0dc2,,FALSE,67093f9d4d7ccfa9a5bc0dc0
670f6ce64db3c0d984bbd509,,FALSE,670f6ce64db3c0d984bbd507
6710d6aeb1d3b32b0a7faafa,,FALSE,6710d6aeb1d3b32b0a7faaf8
67175e83b91c692eb26d7409,,FALSE,67175e82b91c692eb26d7407
67176afcb91c692eb26d7599,50530814800038,TRUE,6613e66f12915943e151068d
6717a9a5b91c692eb26d7f91,,FALSE,6717a9a5b91c692eb26d7f8f
6717e51bb91c692eb26d8571,,FALSE,6717e51ab91c692eb26d856f
671bafd94ae4a29acb64d7ff,,FALSE,671bafd84ae4a29acb64d7fd
671d382c4ae4a29acb64ea43,,FALSE,671d382c4ae4a29acb64ea41
671f86194ae4a29acb65090f,,FALSE,671f86184ae4a29acb65090d
671fb118df759bcf5bbc68ec,,FALSE,671fb117df759bcf5bbc68ea
671fc1f1a3c181344a097251,,FALSE,671fc1f0a3c181344a09724e
67209d38fc8c009a6ac6e765,,FALSE,67209d38fc8c009a6ac6e763
6720e94ffc8c009a6ac6f25c,,FALSE,6720e94ffc8c009a6ac6f25a
672154db09cd9f9a12c86f17,,FALSE,672154da09cd9f9a12c86f15
672154f409cd9f9a12c86f1c,,FALSE,672154f409cd9f9a12c86f1a
6721e55ca53979f0b993f656,19110677200012,TRUE,63ef3a66ea7d346adeb98e01
6721f73da53979f0b993f8b4,,FALSE,6721f73da53979f0b993f8b1
67223100a53979f0b99401b9,,FALSE,672230ffa53979f0b99401b7
67235f95f17a44a2062dd014,94965495800022,TRUE,67190d74fe0c1e44b3edd162
6723bf4233840e5e37752854,,FALSE,6723bf4133840e5e37752852
6729173eadc323f99903d99d,,FALSE,6729173dadc323f99903d99b
672a224f33840e5e377584c7,,FALSE,672a224e33840e5e377584c5
672a32be33840e5e37758788,,FALSE,672a32bd33840e5e37758785
672a3e7833840e5e377588fe,,FALSE,672a3e7833840e5e377588fb
672b6b7d33840e5e37759e51,,FALSE,672b6b7d33840e5e37759e4e
672b7f71adc323f999040c5c,,FALSE,672b7f71adc323f999040c5a
672cd7a8adc323f999042338,,FALSE,672cd7a8adc323f999042336
672ddf8a33840e5e3775c5e6,,FALSE,672ddf8a33840e5e3775c5e4
67331ce37d4fb42c0d6a8d39,,FALSE,67331ce27d4fb42c0d6a8d37
67332f3d279e9bfda83b5931,,FALSE,67332f3d279e9bfda83b592f
673470577d4fb42c0d6aa481,91435816300030,TRUE,672b6640adc323f9990408ac
67348453279e9bfda83b70d1,,FALSE,67348452279e9bfda83b70cf
673620014d505cfefdb6d0c9,,FALSE,673620014d505cfefdb6d0c7
6739bd00255d41789adf195a,,FALSE,6739bcff255d41789adf1958
673c46e1e9f0dfa5d31cb990,35185807100027,TRUE,673c45f3e9f0dfa5d31cb975
673ca608e9f0dfa5d31cc57b,,FALSE,673ca608e9f0dfa5d31cc579
673ca6340e6a57683f22807c,,FALSE,673ca6340e6a57683f22807a
673cad480e6a57683f2281c9,,FALSE,673cad480e6a57683f2281c7
673cad5b0e6a57683f2281ce,,FALSE,673cad5a0e6a57683f2281cc
673cdc07e9f0dfa5d31ccb0f,,FALSE,673cdc07e9f0dfa5d31ccb0d
673cf9a3e9f0dfa5d31ccc74,,FALSE,673cf9a3e9f0dfa5d31ccc72
673da8dce9f0dfa5d31cd4fd,,FALSE,673da8dce9f0dfa5d31cd4fb
673e08c9f8729a321b79c966,,FALSE,673e08c8f8729a321b79c963
673f4dffcccdde79a9ae2961,40173019700043,TRUE,62e0ffa3493fab004b5d683f
67403aa9cccdde79a9ae33c4,,FALSE,67403aa8cccdde79a9ae33c1
6745cde58e6f28cdad3380a7,,FALSE,6745cde58e6f28cdad3380a5
6745f09ac37013d5f9d96d30,,FALSE,6745f09ac37013d5f9d96d2e
67505ee24a8edce4a0084bec,,FALSE,67505ee24a8edce4a0084be9
6751b83a4a8edce4a0085c4d,,FALSE,6751b83a4a8edce4a0085c4a
6754b921aa66e86bf9287b1e,,FALSE,6754b91caa66e86bf9287b1b
6757669baa66e86bf92895e1,,FALSE,6757669aaa66e86bf92895de
675f115c7682dbf4f5158754,,FALSE,675f115b7682dbf4f5158751
67604b0d1c4ee68e3d8df4e3,,FALSE,67604b0d1c4ee68e3d8df4e0
67613fd81c4ee68e3d8dfc37,,FALSE,67613fd31c4ee68e3d8dfc33
67648c14955bc615d9a3fd12,,FALSE,67648c12955bc615d9a3fd0f
676588715546623ea868046d,88191620900029,TRUE,6762d4a36fb1ebb9572cb3eb
67658e5e955bc615d9a40739,88191620900029,TRUE,6762d4a36fb1ebb9572cb3eb
67658f925546623ea86804a0,88191620900029,TRUE,6762d4a36fb1ebb9572cb3eb
676592915546623ea86804bb,88191620900029,TRUE,6762d4a36fb1ebb9572cb3eb
676d418f5546623ea8683855,,FALSE,676d418e5546623ea8683852
677bf57e7facf3f2182aa5ef,,FALSE,677bf57e7facf3f2182aa5ed
677d131f7facf3f2182ab0c5,,FALSE,677d131e7facf3f2182ab0c2
677fbd4f8d03af2075459fbc,84953703000090,TRUE,677f8ee5749efde4f0725011
67877983961588fc0c7b4ac7,,FALSE,67877982961588fc0c7b4ac4
67877eac961588fc0c7b4b8f,,FALSE,67877eac961588fc0c7b4b8c
678a3a29581c9374ff96186d,,FALSE,678a3a28581c9374ff96186b
678e1a83581c9374ff963e72,,FALSE,678e1a83581c9374ff963e6f
6790f301dede85a6585a9887,,FALSE,6790f301dede85a6585a9885
67a09c9cb903e27a00bd54f5,33008478100054,TRUE,63fc8dd5dc149efe7577b087
67a22b7f8dea7b0515b91dab,,FALSE,67a22b7f8dea7b0515b91da9
67a4c2668dea7b0515b947f0,,FALSE,67a4c2668dea7b0515b947ee
67a5c15890f8171e11f71e97,,FALSE,67a5c15890f8171e11f71e95
67a9d58eac4dc8f09d2f8117,,FALSE,67a9d58eac4dc8f09d2f8114
67adb8f28217fbb2c34bec10,,FALSE,67adb8f28217fbb2c34bec0e
67aefe04915f675498e677bd,82795872900010,TRUE,63033e3af80f570028318341
67b30c22915f675498e6a1e2,90468475000022,TRUE,6798ca18e92c92cc018b8d05
67b5b7a4c0932917c6889d0a,,FALSE,67b5b7a4c0932917c6889d08
67b75d96c0932917c688be54,90345414800029,TRUE,67b5de052345fe614d72e036
67b88aa82345fe614d730fe9,,FALSE,67b88aa82345fe614d730fe7
67b896e32345fe614d731114,,FALSE,67b896e22345fe614d731111
67b8ad182345fe614d7312bd,,FALSE,67b8ad182345fe614d7312bb
67bc7a3bd0c1a952b8fd60e4,53830929500029,TRUE,642c0c6adc63431d7d9fe7e9
67bc7e715074e9676eb1b776,,FALSE,67bc7e715074e9676eb1b774
67bde49e5074e9676eb1d4d0,,FALSE,67bde49e5074e9676eb1d4ce
67c068b2d0c1a952b8fdaf06,49098556100060,TRUE,66a9db41b42b928384a43b1d
67c5dc285074e9676eb2443f,33008478100054,TRUE,63fc8dd5dc149efe7577b087
67c97f2fe6888976f85e6e31,,FALSE,67c97f2ee6888976f85e6e2f
67c9b5bde6888976f85e78a6,,FALSE,67c9b5bce6888976f85e78a3
67c9fa90f65935382091dbd5,,FALSE,67c9fa90f65935382091dbd3
67cb1fbf3a8f0f83ab4bddd7,,FALSE,67cb1fbf3a8f0f83ab4bddd5
67cee05a828b1ff2e0e5c40f,,FALSE,67cee058828b1ff2e0e5c40c
67cef467828b1ff2e0e5c769,,FALSE,67cef466828b1ff2e0e5c764
67cfe570828b1ff2e0e5d5f8,,FALSE,67cfe570828b1ff2e0e5d5f6
67d40ba4df710b13a1861089,,FALSE,67d40ba4df710b13a1861087
67d94bd210bbd02ae3a4b508,,FALSE,67d94bd210bbd02ae3a4b505
67d94c0210bbd02ae3a4b512,,FALSE,67d94c0010bbd02ae3a4b50f
67d96eb2d398a9f8382065be,,FALSE,67d96eb1d398a9f8382065ba
67d9d77ad398a9f838206ec2,,FALSE,67d9d778d398a9f838206ec0
67da625a10bbd02ae3a4c7a5,,FALSE,67da625910bbd02ae3a4c7a2
67da81d710bbd02ae3a4ca23,,FALSE,67da81d710bbd02ae3a4ca20
67dacd5610bbd02ae3a4d35a,,FALSE,67dacd5610bbd02ae3a4d357
67dad44a10bbd02ae3a4d41a,,FALSE,67dad44a10bbd02ae3a4d417
67dadccd10bbd02ae3a4d565,84841025400033,TRUE,64fec0965e0d3ee186624b87
67daed4110bbd02ae3a4d753,,FALSE,67daed4010bbd02ae3a4d74f
67daf7a9d398a9f8382084fa,,FALSE,67daf7a8d398a9f8382084f7
67db26bd10bbd02ae3a4db24,,FALSE,67db26bc10bbd02ae3a4db21
67db2f61d398a9f838208856,,FALSE,67db2f60d398a9f838208853
67db339a10bbd02ae3a4dbcb,,FALSE,67db339910bbd02ae3a4dbc8
67dbacb010bbd02ae3a4e03a,,FALSE,67dbacaf10bbd02ae3a4e037
67dc553410bbd02ae3a4f934,,FALSE,67dc553410bbd02ae3a4f932
67dc7c9e10bbd02ae3a4fbec,,FALSE,67dc7c9d10bbd02ae3a4fbe9
67dcb1f9d398a9f83820aadb,,FALSE,67dcb1f8d398a9f83820aad9
67dd263010bbd02ae3a504d9,,FALSE,67dd262e10bbd02ae3a504d6
67dd2828d398a9f83820b246,,FALSE,67dd2827d398a9f83820b243
67dd803fd398a9f83820beca,,FALSE,67dd803ed398a9f83820bec8
67e27e9410bbd02ae3a5584c,,FALSE,67e27e8e10bbd02ae3a55848
67e2994d10bbd02ae3a55cdb,,FALSE,67e2994c10bbd02ae3a55cd9
67e2ac8810bbd02ae3a56034,,FALSE,67e2ac8810bbd02ae3a56032
67e2c944b94604a2772b2e0e,,FALSE,67e2c8f9b94604a2772b2e05
67e2cafe474cd20246103380,,FALSE,67e2caf6474cd2024610337d
67e3e08a43ca5bd8cbd61d43,,FALSE,67e3e06b43ca5bd8cbd61d36
67e3fbc143ca5bd8cbd62169,,FALSE,67e3fbc143ca5bd8cbd62167
67e3ff6be91ce358678fe9fc,,FALSE,67e3ff6ae91ce358678fe9f8
67e415d243ca5bd8cbd62635,,FALSE,67e415d143ca5bd8cbd62631
67e42e8e43ca5bd8cbd629ff,,FALSE,67e42e8843ca5bd8cbd629fd
67e50d2d43ca5bd8cbd63698,,FALSE,67e50d2c43ca5bd8cbd63695
67e50f5143ca5bd8cbd6372d,45171541100018,TRUE,62386104ea0d770029d7094d
67e52468e91ce35867900320,,FALSE,67e52456e91ce35867900317
67e5429343ca5bd8cbd640d9,,FALSE,67e5429243ca5bd8cbd640d6
67e5473643ca5bd8cbd6414e,,FALSE,67e5473543ca5bd8cbd6414c
67e5757be91ce35867900eed,,FALSE,67e5757ae91ce35867900eea
67e590ec43ca5bd8cbd64b12,,FALSE,67e590e643ca5bd8cbd64b0f
67e592d1e91ce35867901216,,FALSE,67e592cae91ce35867901213
67e67f6e43ca5bd8cbd6584e,,FALSE,67e67f6a43ca5bd8cbd6584b
67e6a60343ca5bd8cbd65c42,,FALSE,67e6a60243ca5bd8cbd65c3f
67e6bf8ce91ce358679025fc,,FALSE,67e6bf8ce91ce358679025f9
67e95d03e91ce35867904011,,FALSE,67e95d02e91ce3586790400e
67ea6d8f43ca5bd8cbd68b34,,FALSE,67ea6d8e43ca5bd8cbd68b31
67ea868143ca5bd8cbd68e2d,,FALSE,67ea867c43ca5bd8cbd68e2a
67eaaf3de91ce35867905a5a,,FALSE,67eaaf3ce91ce35867905a58
67eba66ee91ce35867906c8c,78900058500024,TRUE,65f04b31e2e47fb1d4470a30
67ebae3443ca5bd8cbd6a980,,FALSE,67ebae2e43ca5bd8cbd6a97a
67ecf1043a47e62c44205c91,,FALSE,67ecf1033a47e62c44205c8e
67ed13753a47e62c4420602e,,FALSE,67ed136f3a47e62c4420602b
67ee4ec845e3f25cbaee8180,,FALSE,67ee4ec845e3f25cbaee817e
67ee5a763a47e62c44207eac,,FALSE,67ee5a753a47e62c44207ea9
67ee7e793a47e62c4420838e,,FALSE,67ee7e793a47e62c4420838c
67ee84de3a47e62c44208514,,FALSE,67ee84dd3a47e62c44208512
67efbf9346a72c3c12238553,91487364100023,TRUE,65ec4e25a00cef3d55a3d718
67efd9ac46a72c3c122387d1,,FALSE,67efd9ab46a72c3c122387ce
67efdbe7d28953543a413fdc,,FALSE,67efdbe7d28953543a413fd9
67efea5d46a72c3c12238a3f,,FALSE,67efea5846a72c3c12238a3a
67f3ce6f46a72c3c1223af81,,FALSE,67f3ce6946a72c3c1223af7e
67f5202984e2766d3e9afced,,FALSE,67f5202984e2766d3e9afcea
67f7b65666056c2308394eb2,,FALSE,67f7b65666056c2308394eb0
67f93950fa9ae447df24330e,,FALSE,67f93950fa9ae447df24330b
67fe1570b2262e80a2bd7dc7,33008478100054,TRUE,63fc8dd5dc149efe7577b087
67fe17db6056b254dfbc39af,33008478100054,TRUE,63fc8dd5dc149efe7577b087
67fe6899fcb6b1b56618cc3c,,FALSE,67fe6899fcb6b1b56618cc3a
67ff6fb82c68718cc49dce5e,,FALSE,67ff6fb82c68718cc49dce5c
67ffb0682c68718cc49dd719,,FALSE,67ffb0662c68718cc49dd716
68014f502c68718cc49def8c,,FALSE,68014f4e2c68718cc49def8a
6802409f7c2ca9f2f9dd47db,,FALSE,6802409d7c2ca9f2f9dd47d8
68036e4f7c2ca9f2f9dd51d4,,FALSE,68036e4e7c2ca9f2f9dd51d1
6806370d7c2ca9f2f9dd6466,,FALSE,6806370b7c2ca9f2f9dd6463
680637f12c68718cc49e180f,,FALSE,680637f02c68718cc49e180c
6809ff6783e6f508baac3131,,FALSE,6809ff6783e6f508baac312f
680b66d1ce10d151c52dcacf,,FALSE,680b66d1ce10d151c52dcacc
6810940fafa6ebb4684e2168,,FALSE,6810940fafa6ebb4684e2165
6810a20e50ea2d5de01555a5,,FALSE,6810a20d50ea2d5de01555a2
6810a51c2c0b9a3026f4c170,,FALSE,6810a51c2c0b9a3026f4c16d
681129422c0b9a3026f4cda1,,FALSE,681129422c0b9a3026f4cd9f
6811cf7950ea2d5de01567de,,FALSE,6811cf7950ea2d5de01567db
6811d6d250ea2d5de01568a8,,FALSE,6811d6d150ea2d5de01568a5
6811f0a91331d4fbd1366fdd,45019707400039,TRUE,632b2017e8c402005683a027
68121ea58a28e1247d207540,,FALSE,68121ea58a28e1247d20753d
681227d51331d4fbd13675f6,,FALSE,681227d51331d4fbd13675f3
681866668a28e1247d20b768,,FALSE,681866658a28e1247d20b765
681a1461374534960ca02812,,FALSE,681a1461374534960ca0280f
681b0c352f272fb7244e6df3,,FALSE,681b0c352f272fb7244e6df1
681b2d32e83c2995c9b430dc,,FALSE,681b2d32e83c2995c9b430da
681b3287e83c2995c9b43172,,FALSE,681b3286e83c2995c9b43170
681b45fe2f272fb7244e75bc,,FALSE,681b45fe2f272fb7244e75ba
6821b5528652704d633fb8da,,FALSE,6821b5528652704d633fb8d7
6821d5588652704d633fbb91,,FALSE,6821d5588652704d633fbb8f
6824818c451df3861717913d,,FALSE,6824818c451df3861717913a
6824b3a7451df38617179787,,FALSE,6824b3a7451df38617179784
6825eea0ca6fab295a4d2cc0,93002146400019,TRUE,66f7e3a8e959cf71a2af76e0
6825f1deca6fab295a4d2d20,93002146400019,TRUE,66f7e3a8e959cf71a2af76e0
682b56107b033066de41c7e6,,FALSE,682b56107b033066de41c7e3
682c740a7b033066de41dbb8,,FALSE,682c740a7b033066de41dbb6
682c890ba6268ef47246f468,,FALSE,682c890ba6268ef47246f465
682eef825343cf984de98404,,FALSE,682eef825343cf984de98402
682f1b7d5343cf984de98c29,,FALSE,682f1b7d5343cf984de98c27
68306547376c1c6ab2a5ff36,,FALSE,68306547376c1c6ab2a5ff33
68307a141c558ae33ae79f47,,FALSE,68307a141c558ae33ae79f45
68307a821c558ae33ae79f59,,FALSE,68307a821c558ae33ae79f56
6830909f1c558ae33ae7a11b,,FALSE,6830909f1c558ae33ae7a118
68309e271c558ae33ae7a224,,FALSE,68309e271c558ae33ae7a222
68342274d46a5d274b923f91,,FALSE,68342274d46a5d274b923f8e
6834242ed46a5d274b923fd6,,FALSE,6834242dd46a5d274b923fd3
683463ddd46a5d274b924998,,FALSE,683463ddd46a5d274b924995
683473f9d46a5d274b924c83,,FALSE,683473f8d46a5d274b924c80
6835b5ee01e3e62dffca0e30,,FALSE,6835b5ee01e3e62dffca0e2e
683dbaffc79784213c037209,,FALSE,683dbaffc79784213c037206
683eaa0ac79784213c0388b9,,FALSE,683eaa0ac79784213c0388b6
683eca4b8673e3efb3660057,,FALSE,683eca4b8673e3efb3660054
683efc4b8673e3efb3660879,,FALSE,683efc4b8673e3efb3660877
683fef90c79784213c03a9a2,,FALSE,683fef90c79784213c03a99f
68428ea4ac23cb6612b5ab10,37789199900056,TRUE,646b517e6f34065cc4c4af8b
6846f2b46ab1a76ed7e50ce5,,FALSE,6846f2b46ab1a76ed7e50ce2
6846fdd14dd45583e1c5ff89,,FALSE,6846fdd14dd45583e1c5ff86
6847dcff4dd45583e1c609eb,,FALSE,6847dcfe4dd45583e1c609e8
68483bb56ab1a76ed7e52483,,FALSE,68483bb56ab1a76ed7e52480
6848855b6ab1a76ed7e52be6,,FALSE,6848855a6ab1a76ed7e52be3
68491de74dd45583e1c6250d,,FALSE,68491de64dd45583e1c6250a
684960f34dd45583e1c62b34,,FALSE,684960f24dd45583e1c62b31
6849781b4dd45583e1c62df1,,FALSE,6849781a4dd45583e1c62dee
68498e5a6ab1a76ed7e5405f,,FALSE,68498e5a6ab1a76ed7e5405c
684bd51108bbac19f9eee25f,,FALSE,684bd51108bbac19f9eee25c
684bdc0608bbac19f9eee35f,,FALSE,684bdc0508bbac19f9eee35c
684bfafd08bbac19f9eee791,,FALSE,684bfafd08bbac19f9eee78e
684c5ab108bbac19f9eef29a,,FALSE,684c5ab108bbac19f9eef298
684ff7f3cb298f8af3cf6ee5,,FALSE,684ff7f2cb298f8af3cf6ee2
685030314092289a96f16a02,,FALSE,685030314092289a96f169ff
685070a121cc165dc45d328d,,FALSE,685070a121cc165dc45d328a
6851899e153c81c25c8e77da,,FALSE,6851899d153c81c25c8e77d7
685285b821cc165dc45d5b80,,FALSE,685285b821cc165dc45d5b7d
6852d08735c5d2eee0c9a53c,,FALSE,6852d08735c5d2eee0c9a53a
6852d17435c5d2eee0c9a57b,,FALSE,6852d17335c5d2eee0c9a578
6853b9a3e86d609260016820,,FALSE,6853b9a3e86d60926001681d
6853c965e86d609260016a27,89249559900011,TRUE,68484e714dd45583e1c619e6
68550b5aa61721bf8311a1cc,89307491400027,TRUE,6835d9f401e3e62dffca1327
68550e6c460a1ff3609684ad,,FALSE,68550e6b460a1ff3609684aa
6855238f460a1ff360968695,,FALSE,6855238d460a1ff360968692
68553701460a1ff3609688f2,,FALSE,68553701460a1ff3609688ef
6858ff6aa61721bf8311d438,,FALSE,6858ff69a61721bf8311d435
685a5760ac95eb5ddf01b96e,,FALSE,685a575fac95eb5ddf01b96a
685a6898ac95eb5ddf01bbfb,,FALSE,685a6898ac95eb5ddf01bbf9
685aabe4ac95eb5ddf01c6c2,,FALSE,685aabe4ac95eb5ddf01c6bf
685bb3e1ac95eb5ddf01d91f,,FALSE,685bb3dfac95eb5ddf01d91c
685d062eac95eb5ddf01f674,,FALSE,685d062eac95eb5ddf01f671
685e44c4a965aaad39439a7a,,FALSE,685e44c3a965aaad39439a77
686398e7fd97cb85588cb38a,,FALSE,686398e7fd97cb85588cb388
68650152512a982f447f89af,,FALSE,68650152512a982f447f89ad
6865443d26db011741609ba5,,FALSE,6865443d26db011741609ba3
68679cff512a982f447fbb88,,FALSE,68679cff512a982f447fbb86
6867c4b1512a982f447fbf93,,FALSE,6867c4b1512a982f447fbf90
686ccd31f47c3000c6a1c91b,,FALSE,686ccd31f47c3000c6a1c918
686fbf4bf51f080cf1a1a1f3,,FALSE,686fbf4bf51f080cf1a1a1f0
68727bfd889b563c2912eac5,,FALSE,68727bfc889b563c2912eac3
68733c24889b563c2912f27a,,FALSE,68733c23889b563c2912f277
6874e96d6a3706b05c43d0de,,FALSE,6874e96c6a3706b05c43d0dc
6877c983889b563c29133b10,,FALSE,6877c982889b563c29133b0e
687898a5889b563c29134607,90474947000012,TRUE,686baf0ff51f080cf1a12e1d
687a69f76a3706b05c4439c5,,FALSE,687a69f76a3706b05c4439c2
687c2a65889b563c29137ee4,,FALSE,687c2a64889b563c29137ee1
687e7eab21daa53a0e7b4ee3,,FALSE,687e7eab21daa53a0e7b4ee1
6881051fc0503b58878b6890,,FALSE,6881051fc0503b58878b688d
68814def21daa53a0e7b838d,,FALSE,68814ded21daa53a0e7b838a
68824f8ac0503b58878b7ec8,,FALSE,68824f8ac0503b58878b7ec6
68825095c0503b58878b7ef8,,FALSE,68825095c0503b58878b7ef5
68835280c0503b58878b8df7,,FALSE,68835280c0503b58878b8df4
68873edda1a08cc6fd6f1691,53830929500029,TRUE,642c0c6adc63431d7d9fe7e9
68877cd9a1a08cc6fd6f1fde,53830929500029,TRUE,642c0c6adc63431d7d9fe7e9
6889d9ff22e157358cc28657,,FALSE,6889d9ff22e157358cc28654
688a167122e157358cc28c79,,FALSE,688a167122e157358cc28c77
688b77f76d5c33ab702dd002,,FALSE,688b77f66d5c33ab702dcfff
688cd07e6d5c33ab702de1ef,,FALSE,688cd07e6d5c33ab702de1ec
6892f7387f908c2fd1137a7f,,FALSE,6892f7387f908c2fd1137a7d
6893139cad11bda04583e483,49098556100011,TRUE,61f128e35082a80028cd574d
68a431cf40c1e1010ad7d2b5,,FALSE,68a431cf40c1e1010ad7d2b2
68ac15b31bb86c0b4af90504,,FALSE,68ac15b31bb86c0b4af90502
68ad68a01bb86c0b4af9230f,,FALSE,68ad68a01bb86c0b4af9230c
68b09a1cf908d0615235a224,,FALSE,68b09a1bf908d0615235a221
68b6ad4d7bf4d1c2a0b5d597,,FALSE,68b6ad4d7bf4d1c2a0b5d595
68ba9a186b0da5e8b683f31d,,FALSE,68ba9a186b0da5e8b683f31a
68bed013e90da9b433a9ca2e,,FALSE,68bed013e90da9b433a9ca2b
68c27ed590949c095a0aa0e8,,FALSE,68c27ed590949c095a0aa0e5
68c6d78485eead56185a64b4,,FALSE,68c6d78485eead56185a64b1
68c8216c7278f711cf5943ac,33008478100054,TRUE,63fc8dd5dc149efe7577b087
68cab48dc5fdff337e49a3bc,,FALSE,68cab48cc5fdff337e49a3b9
68ccedd705820054d4b63dd1,,FALSE,68ccedd605820054d4b63dce
68d1316ae7deee7c3527a797,,FALSE,68d13169e7deee7c3527a794
68d253c016543340ae641602,,FALSE,68d253bf16543340ae641600
68eebeaccf48e08ee61b5af1,,FALSE,68eebeaccf48e08ee61b5aef