DATE_PUBLISH,id_lba,token_taleez
2026-02-06 11:00:31,6985bbbef20a40c20e38bed6,ap5k6qpt0co5s
2026-02-06 15:00:57,6985f3f0d6a47dc05a8077b0,dr43945kp7m46
2026-02-09 15:00:14,6989e86ed2d0490b598b7a62,3o1hr71
2026-02-12 12:00:06,698db2b638c8c30cf9866b8c,b1021rjkhashk
2026-02-12 12:00:08,698db2b838c8c30cf9866b8d,d846sedsfj1lm
2026-02-12 14:00:05,698dced438c8c30cf9866ddd,d846sedsfj1lm
2026-02-13 16:00:32,698f3c9038c8c30cf9868497,pnf1curhmeqj
2026-02-13 16:00:30,698f3c8d38c8c30cf9868496,9ct8rkkhplhrm
2026-02-13 16:00:16,698f3c80b3ac086d34086766,7h403cigkpreb
2026-02-19 11:00:18,6996df32b3ac086d3408bed1,c24lge39r801h
2026-02-19 15:01:56,699717d3b3ac086d3408c4d0,9lcoooko7l93k
2026-02-20 09:00:08,6998148738c8c30cf986ef70,rvjboqgtiqen
2026-02-20 18:00:05,69989315b3ac086d3408dc84,4bs8jeo9aano7
2026-02-24 10:00:16,699d68a038c8c30cf9872fd5,8b95i39nmntrl
2026-02-24 16:00:18,699dbcfc61331fe2300eea81,aus5qukgm2se2
2026-02-24 16:00:20,699dbd0124a05c77bad39bb8,13h5brsbd40fm
2026-02-24 16:00:23,699dbd0361331fe2300eea83,8ghe51l0motsi
2026-02-24 16:00:32,699dbd0624a05c77bad39bba,a77rdisn6jhhn
2026-02-24 16:00:34,699dbd0f24a05c77bad39bbd,3hn1tt75l4mno
2026-02-24 16:00:35,699dbd1261331fe2300eea87,3in7389sga143
2026-02-27 10:00:05,69a15d143dd57acea8020308,ve7htck4e9mv
2026-02-27 12:00:21,69a17945374f904d9ce57a39,c80214kr4nu1t
2026-03-18 18:45:00,69bae20b7d67ca1bd82a1332,f82e4dma0p379
2026-03-05 15:00:08,69a98c682bcb2d17651cd9b0,di2ietih95s56
2026-03-05 15:00:16,69a98c6f80be3e5a14b5abea,omd0u38nbn0d
2026-03-05 16:00:20,69a99a832bcb2d17651cdc93,91etmou1tapkm
2026-03-05 16:00:21,69a99a8480be3e5a14b5aeb7,3dqkp2e74ei4i
2026-03-10 18:00:09,69b04e182157921c175e8a81,c477b1u7md2l
2026-03-12 12:00:26,69b29cc92157921c175ebd6e,68dv67udf3r83
2026-03-12 12:00:27,69b29ccb2157921c175ebd6f,2ejj4frs6mmuk
2026-03-12 12:00:28,69b29ccb63132e86d007b6c3,oicqcip8rt2p
2026-03-12 12:00:29,69b29ccd63132e86d007b6c4,a3r60afb7pbij
2026-03-24 17:15:00,69c2b134f8b0f1f72a9f8163,f9me59rsq0uon
2026-03-12 15:00:31,69b2c6fe63132e86d007bbe3,ckjvgke6fqhta
2026-03-12 15:00:33,69b2c7002157921c175ec2e2,eva4a2rnh3erp
2026-03-12 15:00:34,69b2c7012157921c175ec2e3,9jqcjbhpagog2
2026-03-12 15:00:34,69d616cf78ce2ae02e595fa5,79cfnu8eg14ge
2026-03-12 15:00:36,69b2c7032157921c175ec2e4,5ususaov6gbn3
2026-03-12 15:00:37,69b2c70463132e86d007bbe6,bp1cp5dcfqib3
2026-03-12 15:00:37,69b2c7042157921c175ec2e5,dli191tp39b57
2026-03-12 15:00:39,69d669b078ce2ae02e599fde,1vlgp50hslhf1
2026-03-12 15:00:40,69b2c70763132e86d007bbe8,cask9e2lpvfjm
2026-03-12 15:00:41,69b2c7082157921c175ec2e8,c4fr1antheeue
2026-03-12 15:00:42,69b2c7092157921c175ec2e9,12qpmel5c6lee
2026-04-07 16:45:00,69d5171a02ed4ea988b7e750,chlj2qaqnmis6
2026-03-12 15:00:44,69b2c70b2157921c175ec2ec,6t7f6htofs256
2026-03-12 15:00:44,69b2c70b63132e86d007bbea,aq3se6unodk98
2026-03-12 15:00:46,69b2c70d63132e86d007bbeb,7m0aaakp1adao
2026-03-12 15:00:47,69b2c70e2157921c175ec2ed,6suus22hpnjmr
2026-03-12 15:00:47,69b2c70e63132e86d007bbec,frpjsvjepj3in
2026-03-13 13:00:25,69b3fc597f5b50f788c082d7,b7bmnnlcn0cve
2026-03-18 15:00:14,69baafed5259cdf5bb988c43,9a702sb67pgbl
2026-03-16 17:00:21,69b829154303c1dbf77205e4,1i2ojrcuof57s
2026-03-17 14:00:13,69b9505c4303c1dbf7721e51,37mihh84502a9
2026-03-17 14:00:11,69b9505ac7bb12b08248059b,a4odim4rn59l3
2026-03-17 14:00:09,69b950594303c1dbf7721e50,5nbg0jkhjbl6t
2026-03-17 14:00:08,69b95057c7bb12b082480598,aevd14c8vv391
2026-03-17 17:00:33,69b97aa0c7bb12b082480c57,1ds7gg5vk4hj8
2026-03-17 19:00:06,69b996a54303c1dbf7722820,3r6uf8uhhslqg
2026-03-19 11:00:30,69bbc93e7d67ca1bd82a5ce8,26gjadcj09d10
2026-03-19 11:00:32,69bbc93f5259cdf5bb990259,n30i4jv9v2js
2026-03-19 12:00:15,69bbd73f5259cdf5bb9910c8,5v4j8lpmr6pof
2026-03-19 13:00:11,69bbe54b7d67ca1bd82a7547,arklfvc5fo1hd
2026-03-19 13:00:16,69bbe54f7d67ca1bd82a754c,60lto4g31gpar
2026-03-19 15:00:12,69bc016b7d67ca1bd82a8f07,ephpi4fo3jqus
2026-03-19 15:00:13,69bc016d7d67ca1bd82a8f0b,7q2d44j6u8siu
2026-03-19 15:00:17,69bc01707d67ca1bd82a8f14,afsf6dq62mer7
2026-03-19 15:00:32,69bc017f7d67ca1bd82a8f1d,beertj5qcdqq8
2026-03-19 15:00:36,69bc01847d67ca1bd82a8f1f,etubo2rgu0okr
2026-03-20 18:00:32,69bd7d2fb97b4a17809322f6,5kcg62s0chbkb
2026-03-23 12:01:00,69c11d6cc0fafcf99214a6ac,6h5m5gaho5hc
2026-03-24 09:00:37,69c244a585d7d777a963af2d,9h4h4nff6flrl
2026-03-24 16:00:42,69c2a719f8b0f1f72a9f7034,c12qri3q9v3ln
2026-03-24 18:00:14,69c2c31dd5b1d92e86e273dd,1nev9nrldhnj3
2026-03-24 18:00:15,69c2c31fdae816fc7ecbcc3d,582d141nco07n
2026-03-25 09:00:10,69c39609dae816fc7ecc3f30,9e325v7f5dp2j
2026-03-25 11:00:57,69c3b258d5b1d92e86e30f75,16jooana0mbhc
2026-03-25 12:00:30,69c3c04ed5b1d92e86e32802,8ean9ac81j8ol
2026-03-25 12:00:31,69c3c04fd5b1d92e86e32806,74pf5j8et4etp
2026-03-25 16:25:58,69c3fe851cdb9f1715d8d434,a590amj15e34d
2026-03-26 17:00:20,69c558131cdb9f1715da5b78,7v0g1to1otmma
2026-03-26 17:00:21,69c55814e49f0c783a34c93f,5k2bgid55o63g
2026-03-30 10:00:47,69ca2dae33152ef41cb056a5,4ikhus3q2h7g
2026-03-30 10:00:48,69ca2dafd72c612460f91a9f,3iqnfe3lf99ob
2026-03-30 10:00:50,69ca2db133152ef41cb056ad,6cea4esmcs4r7
2026-03-30 10:00:50,69ca2db1d72c612460f91aa4,28rcsj52neban
2026-03-30 11:00:56,69ca3bc733152ef41cb08246,fe6i7mbdicbve
2026-03-30 11:00:58,69ca3bc9d72c612460f94682,9vn20tgl8otv2
2026-03-30 11:00:58,69ca3bc933152ef41cb08247,dnofit7q99th8
2026-04-01 12:00:17,69ccecb17b67ed099944b7f2,e46g6p7c8iovn
2026-04-01 18:00:17,69cd411170199cc57fb3e805,4dsommabm3bge
2026-04-01 18:00:19,69cd41127b67ed0999466e53,bo5l4urhmrhlg
2026-04-02 15:00:16,69ce6860b1d9c9fd448162d6,bfvmc9b89glfh
2026-04-08 11:00:48,69d6193f78ce2ae02e596216,349ju8bkhe4df
2026-04-08 16:00:21,69d65f748e85a9d20df5544a,68v5anvoplp9e
2026-04-08 17:00:27,69d66d8a8e85a9d20df55d68,9f0v6n2qciguv
2026-04-08 18:00:12,69d67b8c8e85a9d20df566b8,q1tph31ee5v2
2026-04-08 19:00:06,69d6899678ce2ae02e59b546,76ueh2md3qff7
